kotlin version: 2.0.21
error message: org.jetbrains.kotlin.backend.common.BackendException: Backend Internal error: Exception during IR lowering
File being compiled: C:/Users/Carl Lowell/AndroidStudioProjects/FarmForward/app/src/main/java/com/example/farmforward/appActivity/userActivity/login/LoginController.kt
The root cause java.lang.RuntimeException was thrown at: org.jetbrains.kotlin.backend.jvm.codegen.FunctionCodegen.generate(FunctionCodegen.kt:47)
	at org.jetbrains.kotlin.backend.common.CodegenUtil.reportBackendException(CodegenUtil.kt:253)
	at org.jetbrains.kotlin.backend.common.CodegenUtil.reportBackendException$default(CodegenUtil.kt:236)
	at org.jetbrains.kotlin.backend.common.phaser.PerformByIrFilePhase.invokeSequential(performByIrFile.kt:65)
	at org.jetbrains.kotlin.backend.common.phaser.PerformByIrFilePhase.invoke(performByIrFile.kt:52)
	at org.jetbrains.kotlin.backend.common.phaser.PerformByIrFilePhase.invoke(performByIrFile.kt:38)
	at org.jetbrains.kotlin.backend.common.phaser.NamedCompilerPhase.phaseBody(CompilerPhase.kt:166)
	at org.jetbrains.kotlin.backend.common.phaser.AbstractNamedCompilerPhase.invoke(CompilerPhase.kt:113)
	at org.jetbrains.kotlin.backend.common.phaser.CompositePhase.invoke(PhaseBuilders.kt:27)
	at org.jetbrains.kotlin.backend.common.phaser.CompositePhase.invoke(PhaseBuilders.kt:14)
	at org.jetbrains.kotlin.backend.common.phaser.NamedCompilerPhase.phaseBody(CompilerPhase.kt:166)
	at org.jetbrains.kotlin.backend.common.phaser.AbstractNamedCompilerPhase.invoke(CompilerPhase.kt:113)
	at org.jetbrains.kotlin.backend.common.phaser.CompilerPhaseKt.invokeToplevel(CompilerPhase.kt:62)
	at org.jetbrains.kotlin.backend.jvm.JvmIrCodegenFactory.invokeCodegen(JvmIrCodegenFactory.kt:371)
	at org.jetbrains.kotlin.codegen.CodegenFactory.generateModule(CodegenFactory.kt:47)
	at org.jetbrains.kotlin.backend.jvm.JvmIrCodegenFactory.generateModuleInFrontendIRMode(JvmIrCodegenFactory.kt:433)
	at org.jetbrains.kotlin.cli.jvm.compiler.pipeline.JvmCompilerPipelineKt.generateCodeFromIr(jvmCompilerPipeline.kt:246)
	at org.jetbrains.kotlin.cli.jvm.compiler.pipeline.JvmCompilerPipelineKt.compileModulesUsingFrontendIrAndLightTree(jvmCompilerPipeline.kt:142)
	at org.jetbrains.kotlin.cli.jvm.K2JVMCompiler.doExecute(K2JVMCompiler.kt:148)
	at org.jetbrains.kotlin.cli.jvm.K2JVMCompiler.doExecute(K2JVMCompiler.kt:43)
	at org.jetbrains.kotlin.cli.common.CLICompiler.execImpl(CLICompiler.kt:103)
	at org.jetbrains.kotlin.cli.common.CLICompiler.execImpl(CLICompiler.kt:49)
	at org.jetbrains.kotlin.cli.common.CLITool.exec(CLITool.kt:101)
	at org.jetbrains.kotlin.incremental.IncrementalJvmCompilerRunner.runCompiler(IncrementalJvmCompilerRunner.kt:464)
	at org.jetbrains.kotlin.incremental.IncrementalJvmCompilerRunner.runCompiler(IncrementalJvmCompilerRunner.kt:73)
	at org.jetbrains.kotlin.incremental.IncrementalCompilerRunner.doCompile(IncrementalCompilerRunner.kt:506)
	at org.jetbrains.kotlin.incremental.IncrementalCompilerRunner.compileImpl(IncrementalCompilerRunner.kt:423)
	at org.jetbrains.kotlin.incremental.IncrementalCompilerRunner.compileNonIncrementally(IncrementalCompilerRunner.kt:301)
	at org.jetbrains.kotlin.incremental.IncrementalCompilerRunner.compile(IncrementalCompilerRunner.kt:129)
	at org.jetbrains.kotlin.daemon.CompileServiceImplBase.execIncrementalCompiler(CompileServiceImpl.kt:675)
	at org.jetbrains.kotlin.daemon.CompileServiceImplBase.access$execIncrementalCompiler(CompileServiceImpl.kt:92)
	at org.jetbrains.kotlin.daemon.CompileServiceImpl.compile(CompileServiceImpl.kt:1660)
	at java.base/jdk.internal.reflect.DirectMethodHandleAccessor.invoke(Unknown Source)
	at java.base/java.lang.reflect.Method.invoke(Unknown Source)
	at java.rmi/sun.rmi.server.UnicastServerRef.dispatch(Unknown Source)
	at java.rmi/sun.rmi.transport.Transport$1.run(Unknown Source)
	at java.rmi/sun.rmi.transport.Transport$1.run(Unknown Source)
	at java.base/java.security.AccessController.doPrivileged(Unknown Source)
	at java.rmi/sun.rmi.transport.Transport.serviceCall(Unknown Source)
	at java.rmi/sun.rmi.transport.tcp.TCPTransport.handleMessages(Unknown Source)
	at java.rmi/sun.rmi.transport.tcp.TCPTransport$ConnectionHandler.run0(Unknown Source)
	at java.rmi/sun.rmi.transport.tcp.TCPTransport$ConnectionHandler.lambda$run$0(Unknown Source)
	at java.base/java.security.AccessController.doPrivileged(Unknown Source)
	at java.rmi/sun.rmi.transport.tcp.TCPTransport$ConnectionHandler.run(Unknown Source)
	at java.base/java.util.concurrent.ThreadPoolExecutor.runWorker(Unknown Source)
	at java.base/java.util.concurrent.ThreadPoolExecutor$Worker.run(Unknown Source)
	at java.base/java.lang.Thread.run(Unknown Source)
Caused by: java.lang.RuntimeException: Exception while generating code for:
FUN name:handleLogin visibility:private modality:FINAL <> ($this:com.example.farmforward.appActivity.userActivity.login.LoginController, identifier:kotlin.String, password:kotlin.String, isOfflineMode:kotlin.Boolean) returnType:kotlin.Unit
  $this: VALUE_PARAMETER name:<this> type:com.example.farmforward.appActivity.userActivity.login.LoginController
  VALUE_PARAMETER name:identifier index:0 type:kotlin.String
  VALUE_PARAMETER name:password index:1 type:kotlin.String
  VALUE_PARAMETER name:isOfflineMode index:2 type:kotlin.Boolean
  BLOCK_BODY
    COMPOSITE type=kotlin.Unit origin=null
      CALL 'public final fun launch$default (context: kotlin.coroutines.CoroutineContext?, start: kotlinx.coroutines.CoroutineStart?, block: @[ExtensionFunctionType] kotlin.coroutines.SuspendFunction1<kotlinx.coroutines.CoroutineScope, kotlin.Unit>, $mask0: kotlin.Int, $handler: kotlin.Any?): kotlinx.coroutines.Job declared in kotlinx.coroutines.BuildersKt' type=kotlinx.coroutines.Job origin=DEFAULT_DISPATCH_CALL
        $receiver: GET_FIELD 'FIELD PROPERTY_BACKING_FIELD name:ioScope type:kotlinx.coroutines.CoroutineScope visibility:private [final]' type=kotlinx.coroutines.CoroutineScope origin=null
          receiver: GET_VAR '<this>: com.example.farmforward.appActivity.userActivity.login.LoginController declared in com.example.farmforward.appActivity.userActivity.login.LoginController.handleLogin' type=com.example.farmforward.appActivity.userActivity.login.LoginController origin=null
        context: COMPOSITE type=kotlin.coroutines.CoroutineContext? origin=DEFAULT_VALUE
          CONST Null type=kotlin.coroutines.CoroutineContext? value=null
        start: COMPOSITE type=kotlinx.coroutines.CoroutineStart? origin=DEFAULT_VALUE
          CONST Null type=kotlinx.coroutines.CoroutineStart? value=null
        block: BLOCK type=com.example.farmforward.appActivity.userActivity.login.LoginController.handleLogin.<no name provided> origin=null
          CLASS SUSPEND_LAMBDA CLASS name:<no name provided> modality:FINAL visibility:public/*package*/ superTypes:[kotlin.coroutines.jvm.internal.SuspendLambda; kotlin.jvm.functions.Function2<kotlinx.coroutines.CoroutineScope, kotlin.coroutines.Continuation<kotlin.Unit>?, kotlin.Any?>]
            $this: VALUE_PARAMETER INSTANCE_RECEIVER name:<this> type:com.example.farmforward.appActivity.userActivity.login.LoginController.handleLogin.<no name provided>
            FIELD name:label type:kotlin.Int visibility:public/*package*/
            CONSTRUCTOR SUSPEND_LAMBDA visibility:public/*package*/ <> ($isOfflineMode:kotlin.Boolean, this$0:com.example.farmforward.appActivity.userActivity.login.LoginController, $identifier:kotlin.String, $password:kotlin.String, $completion:kotlin.coroutines.Continuation<com.example.farmforward.appActivity.userActivity.login.LoginController.handleLogin.<no name provided>>?) returnType:com.example.farmforward.appActivity.userActivity.login.LoginController.handleLogin.<no name provided> [primary]
              VALUE_PARAMETER BOUND_VALUE_PARAMETER name:$isOfflineMode index:0 type:kotlin.Boolean
              VALUE_PARAMETER BOUND_RECEIVER_PARAMETER name:this$0 index:1 type:com.example.farmforward.appActivity.userActivity.login.LoginController
              VALUE_PARAMETER BOUND_VALUE_PARAMETER name:$identifier index:2 type:kotlin.String
              VALUE_PARAMETER BOUND_VALUE_PARAMETER name:$password index:3 type:kotlin.String
              VALUE_PARAMETER name:$completion index:4 type:kotlin.coroutines.Continuation<com.example.farmforward.appActivity.userActivity.login.LoginController.handleLogin.<no name provided>>?
              BLOCK_BODY
                SET_FIELD 'FIELD FIELD_FOR_CAPTURED_VALUE name:$isOfflineMode type:kotlin.Boolean visibility:public/*package*/ [final] declared in com.example.farmforward.appActivity.userActivity.login.LoginController.handleLogin.<no name provided>' type=kotlin.Unit origin=INITIALIZER_OF_FIELD_FOR_CAPTURED_VALUE
                  receiver: GET_VAR '<this>: com.example.farmforward.appActivity.userActivity.login.LoginController.handleLogin.<no name provided> declared in com.example.farmforward.appActivity.userActivity.login.LoginController.handleLogin.<no name provided>' type=com.example.farmforward.appActivity.userActivity.login.LoginController.handleLogin.<no name provided> origin=null
                  value: GET_VAR '$isOfflineMode: kotlin.Boolean declared in com.example.farmforward.appActivity.userActivity.login.LoginController.handleLogin.<no name provided>.<init>' type=kotlin.Boolean origin=null
                SET_FIELD 'FIELD FIELD_FOR_CAPTURED_VALUE name:this$0 type:com.example.farmforward.appActivity.userActivity.login.LoginController visibility:public/*package*/ [final] declared in com.example.farmforward.appActivity.userActivity.login.LoginController.handleLogin.<no name provided>' type=kotlin.Unit origin=INITIALIZER_OF_FIELD_FOR_CAPTURED_VALUE
                  receiver: GET_VAR '<this>: com.example.farmforward.appActivity.userActivity.login.LoginController.handleLogin.<no name provided> declared in com.example.farmforward.appActivity.userActivity.login.LoginController.handleLogin.<no name provided>' type=com.example.farmforward.appActivity.userActivity.login.LoginController.handleLogin.<no name provided> origin=null
                  value: GET_VAR 'this$0: com.example.farmforward.appActivity.userActivity.login.LoginController declared in com.example.farmforward.appActivity.userActivity.login.LoginController.handleLogin.<no name provided>.<init>' type=com.example.farmforward.appActivity.userActivity.login.LoginController origin=null
                SET_FIELD 'FIELD FIELD_FOR_CAPTURED_VALUE name:$identifier type:kotlin.String visibility:public/*package*/ [final] declared in com.example.farmforward.appActivity.userActivity.login.LoginController.handleLogin.<no name provided>' type=kotlin.Unit origin=INITIALIZER_OF_FIELD_FOR_CAPTURED_VALUE
                  receiver: GET_VAR '<this>: com.example.farmforward.appActivity.userActivity.login.LoginController.handleLogin.<no name provided> declared in com.example.farmforward.appActivity.userActivity.login.LoginController.handleLogin.<no name provided>' type=com.example.farmforward.appActivity.userActivity.login.LoginController.handleLogin.<no name provided> origin=null
                  value: GET_VAR '$identifier: kotlin.String declared in com.example.farmforward.appActivity.userActivity.login.LoginController.handleLogin.<no name provided>.<init>' type=kotlin.String origin=null
                SET_FIELD 'FIELD FIELD_FOR_CAPTURED_VALUE name:$password type:kotlin.String visibility:public/*package*/ [final] declared in com.example.farmforward.appActivity.userActivity.login.LoginController.handleLogin.<no name provided>' type=kotlin.Unit origin=INITIALIZER_OF_FIELD_FOR_CAPTURED_VALUE
                  receiver: GET_VAR '<this>: com.example.farmforward.appActivity.userActivity.login.LoginController.handleLogin.<no name provided> declared in com.example.farmforward.appActivity.userActivity.login.LoginController.handleLogin.<no name provided>' type=com.example.farmforward.appActivity.userActivity.login.LoginController.handleLogin.<no name provided> origin=null
                  value: GET_VAR '$password: kotlin.String declared in com.example.farmforward.appActivity.userActivity.login.LoginController.handleLogin.<no name provided>.<init>' type=kotlin.String origin=null
                DELEGATING_CONSTRUCTOR_CALL 'public constructor <init> (arity: kotlin.Int, $completion: kotlin.coroutines.Continuation<kotlin.Any?>?) declared in kotlin.coroutines.jvm.internal.SuspendLambda'
                  arity: CONST Int type=kotlin.Int value=2
                  $completion: GET_VAR '$completion: kotlin.coroutines.Continuation<com.example.farmforward.appActivity.userActivity.login.LoginController.handleLogin.<no name provided>>? declared in com.example.farmforward.appActivity.userActivity.login.LoginController.handleLogin.<no name provided>.<init>' type=kotlin.coroutines.Continuation<com.example.farmforward.appActivity.userActivity.login.LoginController.handleLogin.<no name provided>>? origin=null
                BLOCK type=kotlin.Unit origin=null
            FUN name:invokeSuspend visibility:public modality:FINAL <> ($this:com.example.farmforward.appActivity.userActivity.login.LoginController.handleLogin.<no name provided>, $result:kotlin.Result<kotlin.Any?>) returnType:kotlin.Any?
              overridden:
                protected abstract fun invokeSuspend ($result: kotlin.Result<kotlin.Any?>): kotlin.Any? declared in kotlin.coroutines.jvm.internal.SuspendLambda
              $this: VALUE_PARAMETER INSTANCE_RECEIVER name:<this> type:com.example.farmforward.appActivity.userActivity.login.LoginController.handleLogin.<no name provided>
              VALUE_PARAMETER name:$result index:0 type:kotlin.Result<kotlin.Any?>
              BLOCK_BODY
                WHEN type=kotlin.Unit origin=IF
                  BRANCH
                    if: CALL 'public final fun OROR (arg0: kotlin.Boolean, arg1: kotlin.Boolean): kotlin.Boolean declared in kotlin.internal.ir' type=kotlin.Boolean origin=null
                      arg0: GET_FIELD 'FIELD FIELD_FOR_CAPTURED_VALUE name:$isOfflineMode type:kotlin.Boolean visibility:public/*package*/ [final] declared in com.example.farmforward.appActivity.userActivity.login.LoginController.handleLogin.<no name provided>' type=kotlin.Boolean origin=null
                        receiver: GET_VAR '<this>: com.example.farmforward.appActivity.userActivity.login.LoginController.handleLogin.<no name provided> declared in com.example.farmforward.appActivity.userActivity.login.LoginController.handleLogin.<no name provided>.invokeSuspend' type=com.example.farmforward.appActivity.userActivity.login.LoginController.handleLogin.<no name provided> origin=null
                      arg1: CALL 'public final fun not (): kotlin.Boolean [operator] declared in kotlin.Boolean' type=kotlin.Boolean origin=null
                        $this: CALL 'public final fun isNetworkAvailable (context: android.content.Context): kotlin.Boolean declared in com.example.farmforward.utils.otherUtils.NetworkUtils' type=kotlin.Boolean origin=null
                          $this: GET_FIELD 'FIELD FIELD_FOR_OBJECT_INSTANCE name:INSTANCE type:com.example.farmforward.utils.otherUtils.NetworkUtils visibility:public [final,static] declared in com.example.farmforward.utils.otherUtils.NetworkUtils' type=com.example.farmforward.utils.otherUtils.NetworkUtils origin=null
                          context: CALL 'public final fun access$getContext$p ($this: com.example.farmforward.appActivity.userActivity.login.LoginController): android.content.Context declared in com.example.farmforward.appActivity.userActivity.login.LoginController' type=android.content.Context origin=null
                            $this: GET_FIELD 'FIELD FIELD_FOR_CAPTURED_VALUE name:this$0 type:com.example.farmforward.appActivity.userActivity.login.LoginController visibility:public/*package*/ [final] declared in com.example.farmforward.appActivity.userActivity.login.LoginController.handleLogin.<no name provided>' type=com.example.farmforward.appActivity.userActivity.login.LoginController origin=null
                              receiver: GET_VAR '<this>: com.example.farmforward.appActivity.userActivity.login.LoginController.handleLogin.<no name provided> declared in com.example.farmforward.appActivity.userActivity.login.LoginController.handleLogin.<no name provided>.invokeSuspend' type=com.example.farmforward.appActivity.userActivity.login.LoginController.handleLogin.<no name provided> origin=null
                    then: BLOCK type=kotlin.Unit origin=null
                      CALL 'public final fun access$checkLocal ($this: com.example.farmforward.appActivity.userActivity.login.LoginController, identifier: kotlin.String, password: kotlin.String, isOffline: kotlin.Boolean): kotlin.Unit declared in com.example.farmforward.appActivity.userActivity.login.LoginController' type=kotlin.Unit origin=null
                        $this: GET_FIELD 'FIELD FIELD_FOR_CAPTURED_VALUE name:this$0 type:com.example.farmforward.appActivity.userActivity.login.LoginController visibility:public/*package*/ [final] declared in com.example.farmforward.appActivity.userActivity.login.LoginController.handleLogin.<no name provided>' type=com.example.farmforward.appActivity.userActivity.login.LoginController origin=null
                          receiver: GET_VAR '<this>: com.example.farmforward.appActivity.userActivity.login.LoginController.handleLogin.<no name provided> declared in com.example.farmforward.appActivity.userActivity.login.LoginController.handleLogin.<no name provided>.invokeSuspend' type=com.example.farmforward.appActivity.userActivity.login.LoginController.handleLogin.<no name provided> origin=null
                        identifier: GET_FIELD 'FIELD FIELD_FOR_CAPTURED_VALUE name:$identifier type:kotlin.String visibility:public/*package*/ [final] declared in com.example.farmforward.appActivity.userActivity.login.LoginController.handleLogin.<no name provided>' type=kotlin.String origin=null
                          receiver: GET_VAR '<this>: com.example.farmforward.appActivity.userActivity.login.LoginController.handleLogin.<no name provided> declared in com.example.farmforward.appActivity.userActivity.login.LoginController.handleLogin.<no name provided>.invokeSuspend' type=com.example.farmforward.appActivity.userActivity.login.LoginController.handleLogin.<no name provided> origin=null
                        password: GET_FIELD 'FIELD FIELD_FOR_CAPTURED_VALUE name:$password type:kotlin.String visibility:public/*package*/ [final] declared in com.example.farmforward.appActivity.userActivity.login.LoginController.handleLogin.<no name provided>' type=kotlin.String origin=null
                          receiver: GET_VAR '<this>: com.example.farmforward.appActivity.userActivity.login.LoginController.handleLogin.<no name provided> declared in com.example.farmforward.appActivity.userActivity.login.LoginController.handleLogin.<no name provided>.invokeSuspend' type=com.example.farmforward.appActivity.userActivity.login.LoginController.handleLogin.<no name provided> origin=null
                        isOffline: GET_FIELD 'FIELD FIELD_FOR_CAPTURED_VALUE name:$isOfflineMode type:kotlin.Boolean visibility:public/*package*/ [final] declared in com.example.farmforward.appActivity.userActivity.login.LoginController.handleLogin.<no name provided>' type=kotlin.Boolean origin=null
                          receiver: GET_VAR '<this>: com.example.farmforward.appActivity.userActivity.login.LoginController.handleLogin.<no name provided> declared in com.example.farmforward.appActivity.userActivity.login.LoginController.handleLogin.<no name provided>.invokeSuspend' type=com.example.farmforward.appActivity.userActivity.login.LoginController.handleLogin.<no name provided> origin=null
                      RETURN type=kotlin.Nothing from='public final fun invokeSuspend ($result: kotlin.Result<kotlin.Any?>): kotlin.Any? declared in com.example.farmforward.appActivity.userActivity.login.LoginController.handleLogin.<no name provided>'
                        GET_FIELD 'FIELD FIELD_FOR_OBJECT_INSTANCE name:INSTANCE type:kotlin.Unit visibility:public [final,static] declared in kotlin.Unit' type=kotlin.Unit origin=null
                VAR name:emailToUse type:kotlin.jvm.internal.Ref.ObjectRef<kotlin.String?> [val]
                  CONSTRUCTOR_CALL 'public constructor <init> () declared in kotlin.jvm.internal.Ref.ObjectRef' type=kotlin.jvm.internal.Ref.ObjectRef<kotlin.String?> origin=null
                    <class: T>: kotlin.String?
                VAR name:localUser type:kotlin.jvm.internal.Ref.ObjectRef<com.example.farmforward.database.roomDatabase.User?> [val]
                  CONSTRUCTOR_CALL 'public constructor <init> () declared in kotlin.jvm.internal.Ref.ObjectRef' type=kotlin.jvm.internal.Ref.ObjectRef<com.example.farmforward.database.roomDatabase.User?> origin=null
                    <class: T>: com.example.farmforward.database.roomDatabase.User?
                VAR name:isInputEmail type:kotlin.Boolean [val]
                  CALL 'public final fun contains$default (other: kotlin.CharSequence, ignoreCase: kotlin.Boolean, $mask0: kotlin.Int, $handler: kotlin.Any?): kotlin.Boolean [operator] declared in kotlin.text.StringsKt' type=kotlin.Boolean origin=DEFAULT_DISPATCH_CALL
                    $receiver: GET_FIELD 'FIELD FIELD_FOR_CAPTURED_VALUE name:$identifier type:kotlin.String visibility:public/*package*/ [final] declared in com.example.farmforward.appActivity.userActivity.login.LoginController.handleLogin.<no name provided>' type=kotlin.String origin=null
                      receiver: GET_VAR '<this>: com.example.farmforward.appActivity.userActivity.login.LoginController.handleLogin.<no name provided> declared in com.example.farmforward.appActivity.userActivity.login.LoginController.handleLogin.<no name provided>.invokeSuspend' type=com.example.farmforward.appActivity.userActivity.login.LoginController.handleLogin.<no name provided> origin=null
                    other: CONST String type=kotlin.String value="@"
                    ignoreCase: COMPOSITE type=kotlin.Boolean origin=DEFAULT_VALUE
                      CONST Boolean type=kotlin.Boolean value=false
                    $mask0: CONST Int type=kotlin.Int value=2
                    $handler: CONST Null type=kotlin.Any? value=null
                WHEN type=kotlin.Unit origin=IF
                  BRANCH
                    if: GET_VAR 'val isInputEmail: kotlin.Boolean [val] declared in com.example.farmforward.appActivity.userActivity.login.LoginController.handleLogin.<no name provided>.invokeSuspend' type=kotlin.Boolean origin=null
                    then: BLOCK type=kotlin.Unit origin=null
                      SET_FIELD 'FIELD IR_BUILTINS_STUB name:element type:T of kotlin.jvm.internal.Ref.ObjectRef visibility:public declared in kotlin.jvm.internal.Ref.ObjectRef' type=kotlin.Unit origin=EQ
                        receiver: GET_VAR 'val localUser: kotlin.jvm.internal.Ref.ObjectRef<com.example.farmforward.database.roomDatabase.User?> [val] declared in com.example.farmforward.appActivity.userActivity.login.LoginController.handleLogin.<no name provided>.invokeSuspend' type=kotlin.jvm.internal.Ref.ObjectRef<com.example.farmforward.database.roomDatabase.User?> origin=null
                        value: CALL 'public abstract fun getUserByEmail (email: kotlin.String, $completion: kotlin.coroutines.Continuation<com.example.farmforward.database.roomDatabase.User?>): kotlin.Any? [suspend] declared in com.example.farmforward.database.roomDatabase.RoomUserDao' type=com.example.farmforward.database.roomDatabase.User? origin=null
                          $this: CALL 'public final fun access$getUserDao$p ($this: com.example.farmforward.appActivity.userActivity.login.LoginController): com.example.farmforward.database.roomDatabase.RoomUserDao declared in com.example.farmforward.appActivity.userActivity.login.LoginController' type=com.example.farmforward.database.roomDatabase.RoomUserDao origin=null
                            $this: GET_FIELD 'FIELD FIELD_FOR_CAPTURED_VALUE name:this$0 type:com.example.farmforward.appActivity.userActivity.login.LoginController visibility:public/*package*/ [final] declared in com.example.farmforward.appActivity.userActivity.login.LoginController.handleLogin.<no name provided>' type=com.example.farmforward.appActivity.userActivity.login.LoginController origin=null
                              receiver: GET_VAR '<this>: com.example.farmforward.appActivity.userActivity.login.LoginController.handleLogin.<no name provided> declared in com.example.farmforward.appActivity.userActivity.login.LoginController.handleLogin.<no name provided>.invokeSuspend' type=com.example.farmforward.appActivity.userActivity.login.LoginController.handleLogin.<no name provided> origin=null
                          email: GET_FIELD 'FIELD FIELD_FOR_CAPTURED_VALUE name:$identifier type:kotlin.String visibility:public/*package*/ [final] declared in com.example.farmforward.appActivity.userActivity.login.LoginController.handleLogin.<no name provided>' type=kotlin.String origin=null
                            receiver: GET_VAR '<this>: com.example.farmforward.appActivity.userActivity.login.LoginController.handleLogin.<no name provided> declared in com.example.farmforward.appActivity.userActivity.login.LoginController.handleLogin.<no name provided>.invokeSuspend' type=com.example.farmforward.appActivity.userActivity.login.LoginController.handleLogin.<no name provided> origin=null
                          $completion: GET_VAR '<this>: com.example.farmforward.appActivity.userActivity.login.LoginController.handleLogin.<no name provided> declared in com.example.farmforward.appActivity.userActivity.login.LoginController.handleLogin.<no name provided>.invokeSuspend' type=com.example.farmforward.appActivity.userActivity.login.LoginController.handleLogin.<no name provided> origin=null
                      SET_FIELD 'FIELD IR_BUILTINS_STUB name:element type:T of kotlin.jvm.internal.Ref.ObjectRef visibility:public declared in kotlin.jvm.internal.Ref.ObjectRef' type=kotlin.Unit origin=EQ
                        receiver: GET_VAR 'val emailToUse: kotlin.jvm.internal.Ref.ObjectRef<kotlin.String?> [val] declared in com.example.farmforward.appActivity.userActivity.login.LoginController.handleLogin.<no name provided>.invokeSuspend' type=kotlin.jvm.internal.Ref.ObjectRef<kotlin.String?> origin=null
                        value: GET_FIELD 'FIELD FIELD_FOR_CAPTURED_VALUE name:$identifier type:kotlin.String visibility:public/*package*/ [final] declared in com.example.farmforward.appActivity.userActivity.login.LoginController.handleLogin.<no name provided>' type=kotlin.String origin=null
                          receiver: GET_VAR '<this>: com.example.farmforward.appActivity.userActivity.login.LoginController.handleLogin.<no name provided> declared in com.example.farmforward.appActivity.userActivity.login.LoginController.handleLogin.<no name provided>.invokeSuspend' type=com.example.farmforward.appActivity.userActivity.login.LoginController.handleLogin.<no name provided> origin=null
                  BRANCH
                    if: CONST Boolean type=kotlin.Boolean value=true
                    then: BLOCK type=kotlin.Unit origin=null
                      SET_FIELD 'FIELD IR_BUILTINS_STUB name:element type:T of kotlin.jvm.internal.Ref.ObjectRef visibility:public declared in kotlin.jvm.internal.Ref.ObjectRef' type=kotlin.Unit origin=EQ
                        receiver: GET_VAR 'val localUser: kotlin.jvm.internal.Ref.ObjectRef<com.example.farmforward.database.roomDatabase.User?> [val] declared in com.example.farmforward.appActivity.userActivity.login.LoginController.handleLogin.<no name provided>.invokeSuspend' type=kotlin.jvm.internal.Ref.ObjectRef<com.example.farmforward.database.roomDatabase.User?> origin=null
                        value: CALL 'public abstract fun getUserByUsername (username: kotlin.String, $completion: kotlin.coroutines.Continuation<com.example.farmforward.database.roomDatabase.User?>): kotlin.Any? [suspend] declared in com.example.farmforward.database.roomDatabase.RoomUserDao' type=com.example.farmforward.database.roomDatabase.User? origin=null
                          $this: CALL 'public final fun access$getUserDao$p ($this: com.example.farmforward.appActivity.userActivity.login.LoginController): com.example.farmforward.database.roomDatabase.RoomUserDao declared in com.example.farmforward.appActivity.userActivity.login.LoginController' type=com.example.farmforward.database.roomDatabase.RoomUserDao origin=null
                            $this: GET_FIELD 'FIELD FIELD_FOR_CAPTURED_VALUE name:this$0 type:com.example.farmforward.appActivity.userActivity.login.LoginController visibility:public/*package*/ [final] declared in com.example.farmforward.appActivity.userActivity.login.LoginController.handleLogin.<no name provided>' type=com.example.farmforward.appActivity.userActivity.login.LoginController origin=null
                              receiver: GET_VAR '<this>: com.example.farmforward.appActivity.userActivity.login.LoginController.handleLogin.<no name provided> declared in com.example.farmforward.appActivity.userActivity.login.LoginController.handleLogin.<no name provided>.invokeSuspend' type=com.example.farmforward.appActivity.userActivity.login.LoginController.handleLogin.<no name provided> origin=null
                          username: GET_FIELD 'FIELD FIELD_FOR_CAPTURED_VALUE name:$identifier type:kotlin.String visibility:public/*package*/ [final] declared in com.example.farmforward.appActivity.userActivity.login.LoginController.handleLogin.<no name provided>' type=kotlin.String origin=null
                            receiver: GET_VAR '<this>: com.example.farmforward.appActivity.userActivity.login.LoginController.handleLogin.<no name provided> declared in com.example.farmforward.appActivity.userActivity.login.LoginController.handleLogin.<no name provided>.invokeSuspend' type=com.example.farmforward.appActivity.userActivity.login.LoginController.handleLogin.<no name provided> origin=null
                          $completion: GET_VAR '<this>: com.example.farmforward.appActivity.userActivity.login.LoginController.handleLogin.<no name provided> declared in com.example.farmforward.appActivity.userActivity.login.LoginController.handleLogin.<no name provided>.invokeSuspend' type=com.example.farmforward.appActivity.userActivity.login.LoginController.handleLogin.<no name provided> origin=null
                      SET_FIELD 'FIELD IR_BUILTINS_STUB name:element type:T of kotlin.jvm.internal.Ref.ObjectRef visibility:public declared in kotlin.jvm.internal.Ref.ObjectRef' type=kotlin.Unit origin=EQ
                        receiver: GET_VAR 'val emailToUse: kotlin.jvm.internal.Ref.ObjectRef<kotlin.String?> [val] declared in com.example.farmforward.appActivity.userActivity.login.LoginController.handleLogin.<no name provided>.invokeSuspend' type=kotlin.jvm.internal.Ref.ObjectRef<kotlin.String?> origin=null
                        value: BLOCK type=kotlin.String? origin=FOLDED_SAFE_CALL
                          WHEN type=kotlin.String? origin=FOLDED_SAFE_CALL
                            BRANCH
                              if: COMPOSITE type=kotlin.Boolean origin=null
                                VAR IR_TEMPORARY_VARIABLE name:tmp0_safe_receiver type:com.example.farmforward.database.roomDatabase.User? [val]
                                  GET_FIELD 'FIELD IR_BUILTINS_STUB name:element type:T of kotlin.jvm.internal.Ref.ObjectRef visibility:public declared in kotlin.jvm.internal.Ref.ObjectRef' type=com.example.farmforward.database.roomDatabase.User? origin=null
                                    receiver: GET_VAR 'val localUser: kotlin.jvm.internal.Ref.ObjectRef<com.example.farmforward.database.roomDatabase.User?> [val] declared in com.example.farmforward.appActivity.userActivity.login.LoginController.handleLogin.<no name provided>.invokeSuspend' type=kotlin.jvm.internal.Ref.ObjectRef<com.example.farmforward.database.roomDatabase.User?> origin=null
                                CALL 'public final fun not (): kotlin.Boolean [operator] declared in kotlin.Boolean' type=kotlin.Boolean origin=null
                                  $this: CALL 'public final fun EQEQ (arg0: kotlin.Any?, arg1: kotlin.Any?): kotlin.Boolean declared in kotlin.internal.ir' type=kotlin.Boolean origin=null
                                    arg0: GET_VAR 'val tmp0_safe_receiver: com.example.farmforward.database.roomDatabase.User? [val] declared in com.example.farmforward.appActivity.userActivity.login.LoginController.handleLogin.<no name provided>.invokeSuspend' type=com.example.farmforward.database.roomDatabase.User? origin=null
                                    arg1: CONST Null type=kotlin.Nothing? value=null
                              then: CALL 'public final fun <get-email> (): kotlin.String declared in com.example.farmforward.database.roomDatabase.User' type=kotlin.String origin=GET_PROPERTY
                                $this: GET_VAR 'val tmp0_safe_receiver: com.example.farmforward.database.roomDatabase.User? [val] declared in com.example.farmforward.appActivity.userActivity.login.LoginController.handleLogin.<no name provided>.invokeSuspend' type=com.example.farmforward.database.roomDatabase.User? origin=null
                            BRANCH
                              if: CONST Boolean type=kotlin.Boolean value=true
                              then: CONST Null type=kotlin.Nothing? value=null
                WHEN type=kotlin.Unit origin=IF
                  BRANCH
                    if: CALL 'public final fun EQEQ (arg0: kotlin.Any?, arg1: kotlin.Any?): kotlin.Boolean declared in kotlin.internal.ir' type=kotlin.Boolean origin=EQEQ
                      arg0: GET_FIELD 'FIELD IR_BUILTINS_STUB name:element type:T of kotlin.jvm.internal.Ref.ObjectRef visibility:public declared in kotlin.jvm.internal.Ref.ObjectRef' type=com.example.farmforward.database.roomDatabase.User? origin=null
                        receiver: GET_VAR 'val localUser: kotlin.jvm.internal.Ref.ObjectRef<com.example.farmforward.database.roomDatabase.User?> [val] declared in com.example.farmforward.appActivity.userActivity.login.LoginController.handleLogin.<no name provided>.invokeSuspend' type=kotlin.jvm.internal.Ref.ObjectRef<com.example.farmforward.database.roomDatabase.User?> origin=null
                      arg1: CONST Null type=kotlin.Nothing? value=null
                    then: BLOCK type=kotlin.Unit origin=null
                      TRY type=kotlin.Unit
                        try: BLOCK type=kotlin.Unit origin=null
                          VAR name:usersRef type:com.google.firebase.firestore.CollectionReference [val]
                            BLOCK type=com.google.firebase.firestore.CollectionReference origin=null
                              VAR IR_TEMPORARY_VARIABLE name:tmp0 type:kotlin.Any? [val]
                                CALL 'public open fun collection (p0: @[EnhancedNullability] kotlin.String): @[EnhancedNullability] com.google.firebase.firestore.CollectionReference declared in com.google.firebase.firestore.FirebaseFirestore' type=@[EnhancedNullability] com.google.firebase.firestore.CollectionReference origin=null
                                  $this: CALL 'public final fun access$getFirestore$p ($this: com.example.farmforward.appActivity.userActivity.login.LoginController): com.google.firebase.firestore.FirebaseFirestore declared in com.example.farmforward.appActivity.userActivity.login.LoginController' type=com.google.firebase.firestore.FirebaseFirestore origin=null
                                    $this: GET_FIELD 'FIELD FIELD_FOR_CAPTURED_VALUE name:this$0 type:com.example.farmforward.appActivity.userActivity.login.LoginController visibility:public/*package*/ [final] declared in com.example.farmforward.appActivity.userActivity.login.LoginController.handleLogin.<no name provided>' type=com.example.farmforward.appActivity.userActivity.login.LoginController origin=null
                                      receiver: GET_VAR '<this>: com.example.farmforward.appActivity.userActivity.login.LoginController.handleLogin.<no name provided> declared in com.example.farmforward.appActivity.userActivity.login.LoginController.handleLogin.<no name provided>.invokeSuspend' type=com.example.farmforward.appActivity.userActivity.login.LoginController.handleLogin.<no name provided> origin=null
                                  p0: CONST String type=kotlin.String value="users"
                              CALL 'public final fun checkNotNullExpressionValue (value: kotlin.Any?, expression: kotlin.String): kotlin.Unit declared in kotlin.jvm.internal.Intrinsics' type=kotlin.Unit origin=null
                                value: GET_VAR 'val tmp0: kotlin.Any? [val] declared in com.example.farmforward.appActivity.userActivity.login.LoginController.handleLogin.<no name provided>.invokeSuspend' type=kotlin.Any? origin=null
                                expression: CONST String type=kotlin.String value="collection(...)"
                              GET_VAR 'val tmp0: kotlin.Any? [val] declared in com.example.farmforward.appActivity.userActivity.login.LoginController.handleLogin.<no name provided>.invokeSuspend' type=kotlin.Any? origin=null
                          VAR name:query type:com.google.firebase.firestore.Query [val]
                            BLOCK type=com.google.firebase.firestore.Query origin=null
                              VAR IR_TEMPORARY_VARIABLE name:tmp1 type:kotlin.Any? [val]
                                WHEN type=@[EnhancedNullability] com.google.firebase.firestore.Query origin=IF
                                  BRANCH
                                    if: GET_VAR 'val isInputEmail: kotlin.Boolean [val] declared in com.example.farmforward.appActivity.userActivity.login.LoginController.handleLogin.<no name provided>.invokeSuspend' type=kotlin.Boolean origin=null
                                    then: CALL 'public open fun whereEqualTo (p0: @[EnhancedNullability] kotlin.String, p1: @[EnhancedNullability] kotlin.Any?): @[EnhancedNullability] com.google.firebase.firestore.Query [fake_override] declared in com.google.firebase.firestore.CollectionReference' type=@[EnhancedNullability] com.google.firebase.firestore.Query origin=null
                                      $this: GET_VAR 'val usersRef: com.google.firebase.firestore.CollectionReference [val] declared in com.example.farmforward.appActivity.userActivity.login.LoginController.handleLogin.<no name provided>.invokeSuspend' type=com.google.firebase.firestore.CollectionReference origin=null
                                      p0: CONST String type=kotlin.String value="email"
                                      p1: GET_FIELD 'FIELD FIELD_FOR_CAPTURED_VALUE name:$identifier type:kotlin.String visibility:public/*package*/ [final] declared in com.example.farmforward.appActivity.userActivity.login.LoginController.handleLogin.<no name provided>' type=kotlin.String origin=null
                                        receiver: GET_VAR '<this>: com.example.farmforward.appActivity.userActivity.login.LoginController.handleLogin.<no name provided> declared in com.example.farmforward.appActivity.userActivity.login.LoginController.handleLogin.<no name provided>.invokeSuspend' type=com.example.farmforward.appActivity.userActivity.login.LoginController.handleLogin.<no name provided> origin=null
                                  BRANCH
                                    if: CONST Boolean type=kotlin.Boolean value=true
                                    then: CALL 'public open fun whereEqualTo (p0: @[EnhancedNullability] kotlin.String, p1: @[EnhancedNullability] kotlin.Any?): @[EnhancedNullability] com.google.firebase.firestore.Query [fake_override] declared in com.google.firebase.firestore.CollectionReference' type=@[EnhancedNullability] com.google.firebase.firestore.Query origin=null
                                      $this: GET_VAR 'val usersRef: com.google.firebase.firestore.CollectionReference [val] declared in com.example.farmforward.appActivity.userActivity.login.LoginController.handleLogin.<no name provided>.invokeSuspend' type=com.google.firebase.firestore.CollectionReference origin=null
                                      p0: CONST String type=kotlin.String value="username"
                                      p1: GET_FIELD 'FIELD FIELD_FOR_CAPTURED_VALUE name:$identifier type:kotlin.String visibility:public/*package*/ [final] declared in com.example.farmforward.appActivity.userActivity.login.LoginController.handleLogin.<no name provided>' type=kotlin.String origin=null
                                        receiver: GET_VAR '<this>: com.example.farmforward.appActivity.userActivity.login.LoginController.handleLogin.<no name provided> declared in com.example.farmforward.appActivity.userActivity.login.LoginController.handleLogin.<no name provided>.invokeSuspend' type=com.example.farmforward.appActivity.userActivity.login.LoginController.handleLogin.<no name provided> origin=null
                              CALL 'public final fun checkNotNull (object: kotlin.Any?): kotlin.Unit declared in kotlin.jvm.internal.Intrinsics' type=kotlin.Unit origin=null
                                object: GET_VAR 'val tmp1: kotlin.Any? [val] declared in com.example.farmforward.appActivity.userActivity.login.LoginController.handleLogin.<no name provided>.invokeSuspend' type=kotlin.Any? origin=null
                              GET_VAR 'val tmp1: kotlin.Any? [val] declared in com.example.farmforward.appActivity.userActivity.login.LoginController.handleLogin.<no name provided>.invokeSuspend' type=kotlin.Any? origin=null
                          VAR name:snapshot type:@[FlexibleNullability] com.google.firebase.firestore.QuerySnapshot? [val]
                            CALL 'public final fun await <T> ($completion: kotlin.coroutines.Continuation<T of kotlinx.coroutines.tasks.TasksKt.await>): kotlin.Any? [suspend] declared in kotlinx.coroutines.tasks.TasksKt' type=@[FlexibleNullability] com.google.firebase.firestore.QuerySnapshot? origin=null
                              <T>: @[FlexibleNullability] com.google.firebase.firestore.QuerySnapshot?
                              $receiver: BLOCK type=com.google.android.gms.tasks.Task<@[FlexibleNullability] com.google.firebase.firestore.QuerySnapshot?> origin=null
                                VAR IR_TEMPORARY_VARIABLE name:tmp2 type:kotlin.Any? [val]
                                  CALL 'public open fun get (): @[EnhancedNullability] com.google.android.gms.tasks.Task<@[FlexibleNullability] com.google.firebase.firestore.QuerySnapshot?> declared in com.google.firebase.firestore.Query' type=@[EnhancedNullability] com.google.android.gms.tasks.Task<@[FlexibleNullability] com.google.firebase.firestore.QuerySnapshot?> origin=null
                                    $this: GET_VAR 'val query: com.google.firebase.firestore.Query [val] declared in com.example.farmforward.appActivity.userActivity.login.LoginController.handleLogin.<no name provided>.invokeSuspend' type=com.google.firebase.firestore.Query origin=null
                                CALL 'public final fun checkNotNullExpressionValue (value: kotlin.Any?, expression: kotlin.String): kotlin.Unit declared in kotlin.jvm.internal.Intrinsics' type=kotlin.Unit origin=null
                                  value: GET_VAR 'val tmp2: kotlin.Any? [val] declared in com.example.farmforward.appActivity.userActivity.login.LoginController.handleLogin.<no name provided>.invokeSuspend' type=kotlin.Any? origin=null
                                  expression: CONST String type=kotlin.String value="get(...)"
                                GET_VAR 'val tmp2: kotlin.Any? [val] declared in com.example.farmforward.appActivity.userActivity.login.LoginController.handleLogin.<no name provided>.invokeSuspend' type=kotlin.Any? origin=null
                              $completion: GET_VAR '<this>: com.example.farmforward.appActivity.userActivity.login.LoginController.handleLogin.<no name provided> declared in com.example.farmforward.appActivity.userActivity.login.LoginController.handleLogin.<no name provided>.invokeSuspend' type=com.example.farmforward.appActivity.userActivity.login.LoginController.handleLogin.<no name provided> origin=null
                          WHEN type=kotlin.Unit origin=IF
                            BRANCH
                              if: CALL 'public final fun not (): kotlin.Boolean [operator] declared in kotlin.Boolean' type=kotlin.Boolean origin=null
                                $this: CALL 'public open fun isEmpty (): kotlin.Boolean declared in com.google.firebase.firestore.QuerySnapshot' type=kotlin.Boolean origin=GET_PROPERTY
                                  $this: GET_VAR 'val snapshot: @[FlexibleNullability] com.google.firebase.firestore.QuerySnapshot? [val] declared in com.example.farmforward.appActivity.userActivity.login.LoginController.handleLogin.<no name provided>.invokeSuspend' type=@[FlexibleNullability] com.google.firebase.firestore.QuerySnapshot? origin=null
                              then: BLOCK type=kotlin.Unit origin=null
                                VAR name:doc type:@[FlexibleNullability] com.google.firebase.firestore.DocumentSnapshot? [val]
                                  CALL 'public abstract fun get (index: kotlin.Int): E of kotlin.collections.MutableList [fake_override,operator] declared in kotlin.collections.MutableList' type=@[FlexibleNullability] com.google.firebase.firestore.DocumentSnapshot? origin=GET_ARRAY_ELEMENT
                                    $this: CALL 'public open fun getDocuments (): @[EnhancedNullability] @[FlexibleMutability] kotlin.collections.MutableList<@[FlexibleNullability] com.google.firebase.firestore.DocumentSnapshot?> declared in com.google.firebase.firestore.QuerySnapshot' type=@[EnhancedNullability] @[FlexibleMutability] kotlin.collections.MutableList<@[FlexibleNullability] com.google.firebase.firestore.DocumentSnapshot?> origin=GET_PROPERTY
                                      $this: GET_VAR 'val snapshot: @[FlexibleNullability] com.google.firebase.firestore.QuerySnapshot? [val] declared in com.example.farmforward.appActivity.userActivity.login.LoginController.handleLogin.<no name provided>.invokeSuspend' type=@[FlexibleNullability] com.google.firebase.firestore.QuerySnapshot? origin=null
                                    index: CONST Int type=kotlin.Int value=0
                                SET_FIELD 'FIELD IR_BUILTINS_STUB name:element type:T of kotlin.jvm.internal.Ref.ObjectRef visibility:public declared in kotlin.jvm.internal.Ref.ObjectRef' type=kotlin.Unit origin=EQ
                                  receiver: GET_VAR 'val emailToUse: kotlin.jvm.internal.Ref.ObjectRef<kotlin.String?> [val] declared in com.example.farmforward.appActivity.userActivity.login.LoginController.handleLogin.<no name provided>.invokeSuspend' type=kotlin.jvm.internal.Ref.ObjectRef<kotlin.String?> origin=null
                                  value: CALL 'public open fun getString (p0: @[EnhancedNullability] kotlin.String): @[EnhancedNullability] kotlin.String? declared in com.google.firebase.firestore.DocumentSnapshot' type=@[EnhancedNullability] kotlin.String? origin=null
                                    $this: GET_VAR 'val doc: @[FlexibleNullability] com.google.firebase.firestore.DocumentSnapshot? [val] declared in com.example.farmforward.appActivity.userActivity.login.LoginController.handleLogin.<no name provided>.invokeSuspend' type=@[FlexibleNullability] com.google.firebase.firestore.DocumentSnapshot? origin=null
                                    p0: CONST String type=kotlin.String value="email"
                                VAR name:prettyName type:kotlin.String [val]
                                  BLOCK type=kotlin.String origin=FOLDED_ELVIS
                                    WHEN type=kotlin.String origin=FOLDED_ELVIS
                                      BRANCH
                                        if: COMPOSITE type=kotlin.Boolean origin=null
                                          VAR IR_TEMPORARY_VARIABLE name:tmp1_elvis_lhs type:@[EnhancedNullability] kotlin.String? [val]
                                            CALL 'public open fun getString (p0: @[EnhancedNullability] kotlin.String): @[EnhancedNullability] kotlin.String? declared in com.google.firebase.firestore.DocumentSnapshot' type=@[EnhancedNullability] kotlin.String? origin=null
                                              $this: GET_VAR 'val doc: @[FlexibleNullability] com.google.firebase.firestore.DocumentSnapshot? [val] declared in com.example.farmforward.appActivity.userActivity.login.LoginController.handleLogin.<no name provided>.invokeSuspend' type=@[FlexibleNullability] com.google.firebase.firestore.DocumentSnapshot? origin=null
                                              p0: CONST String type=kotlin.String value="username"
                                          CALL 'public final fun not (): kotlin.Boolean [operator] declared in kotlin.Boolean' type=kotlin.Boolean origin=null
                                            $this: CALL 'public final fun EQEQ (arg0: kotlin.Any?, arg1: kotlin.Any?): kotlin.Boolean declared in kotlin.internal.ir' type=kotlin.Boolean origin=null
                                              arg0: GET_VAR 'val tmp1_elvis_lhs: @[EnhancedNullability] kotlin.String? [val] declared in com.example.farmforward.appActivity.userActivity.login.LoginController.handleLogin.<no name provided>.invokeSuspend' type=@[EnhancedNullability] kotlin.String? origin=null
                                              arg1: CONST Null type=kotlin.Nothing? value=null
                                        then: GET_VAR 'val tmp1_elvis_lhs: @[EnhancedNullability] kotlin.String? [val] declared in com.example.farmforward.appActivity.userActivity.login.LoginController.handleLogin.<no name provided>.invokeSuspend' type=@[EnhancedNullability] kotlin.String? origin=null
                                      BRANCH
                                        if: CONST Boolean type=kotlin.Boolean value=true
                                        then: BLOCK type=kotlin.String origin=null
                                          VAR IR_TEMPORARY_VARIABLE name:tmp3 type:kotlin.Any? [val]
                                            CALL 'public open fun getId (): @[EnhancedNullability] kotlin.String declared in com.google.firebase.firestore.DocumentSnapshot' type=@[EnhancedNullability] kotlin.String origin=GET_PROPERTY
                                              $this: GET_VAR 'val doc: @[FlexibleNullability] com.google.firebase.firestore.DocumentSnapshot? [val] declared in com.example.farmforward.appActivity.userActivity.login.LoginController.handleLogin.<no name provided>.invokeSuspend' type=@[FlexibleNullability] com.google.firebase.firestore.DocumentSnapshot? origin=null
                                          CALL 'public final fun checkNotNullExpressionValue (value: kotlin.Any?, expression: kotlin.String): kotlin.Unit declared in kotlin.jvm.internal.Intrinsics' type=kotlin.Unit origin=null
                                            value: GET_VAR 'val tmp3: kotlin.Any? [val] declared in com.example.farmforward.appActivity.userActivity.login.LoginController.handleLogin.<no name provided>.invokeSuspend' type=kotlin.Any? origin=null
                                            expression: CONST String type=kotlin.String value="getId(...)"
                                          GET_VAR 'val tmp3: kotlin.Any? [val] declared in com.example.farmforward.appActivity.userActivity.login.LoginController.handleLogin.<no name provided>.invokeSuspend' type=kotlin.Any? origin=null
                                VAR name:realDocId type:kotlin.String [val]
                                  BLOCK type=kotlin.String origin=null
                                    VAR IR_TEMPORARY_VARIABLE name:tmp4 type:kotlin.Any? [val]
                                      CALL 'public open fun getId (): @[EnhancedNullability] kotlin.String declared in com.google.firebase.firestore.DocumentSnapshot' type=@[EnhancedNullability] kotlin.String origin=GET_PROPERTY
                                        $this: GET_VAR 'val doc: @[FlexibleNullability] com.google.firebase.firestore.DocumentSnapshot? [val] declared in com.example.farmforward.appActivity.userActivity.login.LoginController.handleLogin.<no name provided>.invokeSuspend' type=@[FlexibleNullability] com.google.firebase.firestore.DocumentSnapshot? origin=null
                                    CALL 'public final fun checkNotNullExpressionValue (value: kotlin.Any?, expression: kotlin.String): kotlin.Unit declared in kotlin.jvm.internal.Intrinsics' type=kotlin.Unit origin=null
                                      value: GET_VAR 'val tmp4: kotlin.Any? [val] declared in com.example.farmforward.appActivity.userActivity.login.LoginController.handleLogin.<no name provided>.invokeSuspend' type=kotlin.Any? origin=null
                                      expression: CONST String type=kotlin.String value="getId(...)"
                                    GET_VAR 'val tmp4: kotlin.Any? [val] declared in com.example.farmforward.appActivity.userActivity.login.LoginController.handleLogin.<no name provided>.invokeSuspend' type=kotlin.Any? origin=null
                                WHEN type=kotlin.Unit origin=IF
                                  BRANCH
                                    if: CALL 'public final fun not (): kotlin.Boolean [operator] declared in kotlin.Boolean' type=kotlin.Boolean origin=EXCLEQ
                                      $this: CALL 'public final fun EQEQ (arg0: kotlin.Any?, arg1: kotlin.Any?): kotlin.Boolean declared in kotlin.internal.ir' type=kotlin.Boolean origin=EXCLEQ
                                        arg0: GET_FIELD 'FIELD IR_BUILTINS_STUB name:element type:T of kotlin.jvm.internal.Ref.ObjectRef visibility:public declared in kotlin.jvm.internal.Ref.ObjectRef' type=com.example.farmforward.database.roomDatabase.User? origin=null
                                          receiver: GET_VAR 'val localUser: kotlin.jvm.internal.Ref.ObjectRef<com.example.farmforward.database.roomDatabase.User?> [val] declared in com.example.farmforward.appActivity.userActivity.login.LoginController.handleLogin.<no name provided>.invokeSuspend' type=kotlin.jvm.internal.Ref.ObjectRef<com.example.farmforward.database.roomDatabase.User?> origin=null
                                        arg1: CONST Null type=kotlin.Nothing? value=null
                                    then: BLOCK type=kotlin.Unit origin=null
                                      WHEN type=kotlin.Unit origin=IF
                                        BRANCH
                                          if: CALL 'public final fun not (): kotlin.Boolean [operator] declared in kotlin.Boolean' type=kotlin.Boolean origin=EXCLEQ
                                            $this: CALL 'public final fun EQEQ (arg0: kotlin.Any?, arg1: kotlin.Any?): kotlin.Boolean declared in kotlin.internal.ir' type=kotlin.Boolean origin=EXCLEQ
                                              arg0: CALL 'public final fun <get-username> (): kotlin.String [fake_override] declared in kotlin.Nothing' type=kotlin.String origin=GET_PROPERTY
                                                $this: BLOCK type=kotlin.Nothing origin=null
                                                  CALL 'public final fun CHECK_NOT_NULL <T0> (arg0: T0 of kotlin.internal.ir.CHECK_NOT_NULL?): {T0 of kotlin.internal.ir.CHECK_NOT_NULL & Any} declared in kotlin.internal.ir' type=kotlin.Nothing origin=EXCLEXCL
                                                    <T0>: kotlin.Nothing
                                                    arg0: GET_FIELD 'FIELD IR_BUILTINS_STUB name:element type:T of kotlin.jvm.internal.Ref.ObjectRef visibility:public declared in kotlin.jvm.internal.Ref.ObjectRef' type=com.example.farmforward.database.roomDatabase.User? origin=null
                                                      receiver: GET_VAR 'val localUser: kotlin.jvm.internal.Ref.ObjectRef<com.example.farmforward.database.roomDatabase.User?> [val] declared in com.example.farmforward.appActivity.userActivity.login.LoginController.handleLogin.<no name provided>.invokeSuspend' type=kotlin.jvm.internal.Ref.ObjectRef<com.example.farmforward.database.roomDatabase.User?> origin=null
                                                  CALL 'public final fun throwKotlinNothingValueException (): kotlin.Nothing declared in kotlin.jvm.internal.Intrinsics' type=kotlin.Nothing origin=null
                                              arg1: GET_VAR 'val prettyName: kotlin.String [val] declared in com.example.farmforward.appActivity.userActivity.login.LoginController.handleLogin.<no name provided>.invokeSuspend' type=kotlin.String origin=null
                                          then: BLOCK type=kotlin.Unit origin=null
                                            SET_FIELD 'FIELD IR_BUILTINS_STUB name:element type:T of kotlin.jvm.internal.Ref.ObjectRef visibility:public declared in kotlin.jvm.internal.Ref.ObjectRef' type=kotlin.Unit origin=EQ
                                              receiver: GET_VAR 'val localUser: kotlin.jvm.internal.Ref.ObjectRef<com.example.farmforward.database.roomDatabase.User?> [val] declared in com.example.farmforward.appActivity.userActivity.login.LoginController.handleLogin.<no name provided>.invokeSuspend' type=kotlin.jvm.internal.Ref.ObjectRef<com.example.farmforward.database.roomDatabase.User?> origin=null
                                              value: CALL 'public final fun copy (id: kotlin.Int, username: kotlin.String, password: kotlin.String, lastUpdated: kotlin.Long, email: kotlin.String): com.example.farmforward.database.roomDatabase.User [fake_override] declared in kotlin.Nothing' type=com.example.farmforward.database.roomDatabase.User origin=null
                                                $this: BLOCK type=kotlin.Nothing origin=null
                                                  CALL 'public final fun CHECK_NOT_NULL <T0> (arg0: T0 of kotlin.internal.ir.CHECK_NOT_NULL?): {T0 of kotlin.internal.ir.CHECK_NOT_NULL & Any} declared in kotlin.internal.ir' type=kotlin.Nothing origin=EXCLEXCL
                                                    <T0>: kotlin.Nothing
                                                    arg0: GET_FIELD 'FIELD IR_BUILTINS_STUB name:element type:T of kotlin.jvm.internal.Ref.ObjectRef visibility:public declared in kotlin.jvm.internal.Ref.ObjectRef' type=com.example.farmforward.database.roomDatabase.User? origin=null
                                                      receiver: GET_VAR 'val localUser: kotlin.jvm.internal.Ref.ObjectRef<com.example.farmforward.database.roomDatabase.User?> [val] declared in com.example.farmforward.appActivity.userActivity.login.LoginController.handleLogin.<no name provided>.invokeSuspend' type=kotlin.jvm.internal.Ref.ObjectRef<com.example.farmforward.database.roomDatabase.User?> origin=null
                                                  CALL 'public final fun throwKotlinNothingValueException (): kotlin.Nothing declared in kotlin.jvm.internal.Intrinsics' type=kotlin.Nothing origin=null
                                                username: GET_VAR 'val prettyName: kotlin.String [val] declared in com.example.farmforward.appActivity.userActivity.login.LoginController.handleLogin.<no name provided>.invokeSuspend' type=kotlin.String origin=null
                                  BRANCH
                                    if: CONST Boolean type=kotlin.Boolean value=true
                                    then: BLOCK type=kotlin.Unit origin=null
                                      SET_FIELD 'FIELD IR_BUILTINS_STUB name:element type:T of kotlin.jvm.internal.Ref.ObjectRef visibility:public declared in kotlin.jvm.internal.Ref.ObjectRef' type=kotlin.Unit origin=EQ
                                        receiver: GET_VAR 'val localUser: kotlin.jvm.internal.Ref.ObjectRef<com.example.farmforward.database.roomDatabase.User?> [val] declared in com.example.farmforward.appActivity.userActivity.login.LoginController.handleLogin.<no name provided>.invokeSuspend' type=kotlin.jvm.internal.Ref.ObjectRef<com.example.farmforward.database.roomDatabase.User?> origin=null
                                        value: BLOCK type=com.example.farmforward.database.roomDatabase.User origin=ARGUMENTS_REORDERING_FOR_CALL
                                          VAR IR_TEMPORARY_VARIABLE name:tmp3_email type:kotlin.String [val]
                                            BLOCK type=kotlin.String origin=FOLDED_ELVIS
                                              WHEN type=kotlin.String origin=FOLDED_ELVIS
                                                BRANCH
                                                  if: COMPOSITE type=kotlin.Boolean origin=null
                                                    VAR IR_TEMPORARY_VARIABLE name:tmp2_elvis_lhs type:kotlin.String? [val]
                                                      GET_FIELD 'FIELD IR_BUILTINS_STUB name:element type:T of kotlin.jvm.internal.Ref.ObjectRef visibility:public declared in kotlin.jvm.internal.Ref.ObjectRef' type=kotlin.String? origin=null
                                                        receiver: GET_VAR 'val emailToUse: kotlin.jvm.internal.Ref.ObjectRef<kotlin.String?> [val] declared in com.example.farmforward.appActivity.userActivity.login.LoginController.handleLogin.<no name provided>.invokeSuspend' type=kotlin.jvm.internal.Ref.ObjectRef<kotlin.String?> origin=null
                                                    CALL 'public final fun not (): kotlin.Boolean [operator] declared in kotlin.Boolean' type=kotlin.Boolean origin=null
                                                      $this: CALL 'public final fun EQEQ (arg0: kotlin.Any?, arg1: kotlin.Any?): kotlin.Boolean declared in kotlin.internal.ir' type=kotlin.Boolean origin=null
                                                        arg0: GET_VAR 'val tmp2_elvis_lhs: kotlin.String? [val] declared in com.example.farmforward.appActivity.userActivity.login.LoginController.handleLogin.<no name provided>.invokeSuspend' type=kotlin.String? origin=null
                                                        arg1: CONST Null type=kotlin.Nothing? value=null
                                                  then: GET_VAR 'val tmp2_elvis_lhs: kotlin.String? [val] declared in com.example.farmforward.appActivity.userActivity.login.LoginController.handleLogin.<no name provided>.invokeSuspend' type=kotlin.String? origin=null
                                                BRANCH
                                                  if: CONST Boolean type=kotlin.Boolean value=true
                                                  then: CONST String type=kotlin.String value=""
                                          CONSTRUCTOR_CALL 'public constructor <init> (id: kotlin.Int, username: kotlin.String?, password: kotlin.String?, lastUpdated: kotlin.Long, email: kotlin.String?, $mask0: kotlin.Int, $marker: kotlin.jvm.internal.DefaultConstructorMarker?) declared in com.example.farmforward.database.roomDatabase.User' type=com.example.farmforward.database.roomDatabase.User origin=DEFAULT_DISPATCH_CALL
                                            id: CONST Int type=kotlin.Int value=0
                                            username: GET_VAR 'val prettyName: kotlin.String [val] declared in com.example.farmforward.appActivity.userActivity.login.LoginController.handleLogin.<no name provided>.invokeSuspend' type=kotlin.String origin=null
                                            password: CONST String type=kotlin.String value=""
                                            lastUpdated: COMPOSITE type=kotlin.Long origin=DEFAULT_VALUE
                                              CONST Long type=kotlin.Long value=0
                                            email: GET_VAR 'val tmp3_email: kotlin.String [val] declared in com.example.farmforward.appActivity.userActivity.login.LoginController.handleLogin.<no name provided>.invokeSuspend' type=kotlin.String origin=null
                                            $mask0: CONST Int type=kotlin.Int value=8
                                            $marker: CONST Null type=kotlin.jvm.internal.DefaultConstructorMarker? value=null
                        CATCH parameter=val e: java.lang.Exception [val] declared in com.example.farmforward.appActivity.userActivity.login.LoginController.handleLogin.<no name provided>.invokeSuspend
                          VAR CATCH_PARAMETER name:e type:java.lang.Exception [val]
                          BLOCK type=kotlin.Unit origin=null
                            CALL 'public open fun printStackTrace (): kotlin.Unit [fake_override] declared in java.lang.Exception' type=kotlin.Unit origin=null
                              $this: GET_VAR 'val e: java.lang.Exception [val] declared in com.example.farmforward.appActivity.userActivity.login.LoginController.handleLogin.<no name provided>.invokeSuspend' type=java.lang.Exception origin=null
                WHEN type=kotlin.Unit origin=IF
                  BRANCH
                    if: CALL 'public final fun isNullOrEmpty (): kotlin.Boolean [inline] declared in kotlin.text.StringsKt' type=kotlin.Boolean origin=null
                      $receiver: GET_FIELD 'FIELD IR_BUILTINS_STUB name:element type:T of kotlin.jvm.internal.Ref.ObjectRef visibility:public declared in kotlin.jvm.internal.Ref.ObjectRef' type=kotlin.String? origin=null
                        receiver: GET_VAR 'val emailToUse: kotlin.jvm.internal.Ref.ObjectRef<kotlin.String?> [val] declared in com.example.farmforward.appActivity.userActivity.login.LoginController.handleLogin.<no name provided>.invokeSuspend' type=kotlin.jvm.internal.Ref.ObjectRef<kotlin.String?> origin=null
                    then: BLOCK type=kotlin.Unit origin=null
                      COMPOSITE type=kotlin.Unit origin=null
                        CALL 'public final fun withContext <T> (context: kotlin.coroutines.CoroutineContext, block: @[ExtensionFunctionType] kotlin.coroutines.SuspendFunction1<kotlinx.coroutines.CoroutineScope, T of kotlinx.coroutines.BuildersKt.withContext>, $completion: kotlin.coroutines.Continuation<T of kotlinx.coroutines.BuildersKt.withContext>): kotlin.Any? [suspend] declared in kotlinx.coroutines.BuildersKt' type=kotlin.Unit? origin=null
                          <T>: kotlin.Unit?
                          context: CALL 'public final fun <get-Main> (): kotlinx.coroutines.MainCoroutineDispatcher declared in kotlinx.coroutines.Dispatchers' type=kotlinx.coroutines.MainCoroutineDispatcher origin=GET_PROPERTY
                          block: BLOCK type=com.example.farmforward.appActivity.userActivity.login.LoginController.handleLogin.<no name provided>.invokeSuspend.<no name provided> origin=null
                            CLASS SUSPEND_LAMBDA CLASS name:<no name provided> modality:FINAL visibility:public/*package*/ superTypes:[kotlin.coroutines.jvm.internal.SuspendLambda; kotlin.jvm.functions.Function2<kotlinx.coroutines.CoroutineScope, kotlin.coroutines.Continuation<kotlin.Unit?>?, kotlin.Any?>]
                              $this: VALUE_PARAMETER INSTANCE_RECEIVER name:<this> type:com.example.farmforward.appActivity.userActivity.login.LoginController.handleLogin.<no name provided>.invokeSuspend.<no name provided>
                              FIELD name:label type:kotlin.Int visibility:public/*package*/
                              CONSTRUCTOR SUSPEND_LAMBDA visibility:public/*package*/ <> (this$0:com.example.farmforward.appActivity.userActivity.login.LoginController, $completion:kotlin.coroutines.Continuation<com.example.farmforward.appActivity.userActivity.login.LoginController.handleLogin.<no name provided>.invokeSuspend.<no name provided>>?) returnType:com.example.farmforward.appActivity.userActivity.login.LoginController.handleLogin.<no name provided>.invokeSuspend.<no name provided> [primary]
                                VALUE_PARAMETER BOUND_RECEIVER_PARAMETER name:this$0 index:0 type:com.example.farmforward.appActivity.userActivity.login.LoginController
                                VALUE_PARAMETER name:$completion index:1 type:kotlin.coroutines.Continuation<com.example.farmforward.appActivity.userActivity.login.LoginController.handleLogin.<no name provided>.invokeSuspend.<no name provided>>?
                                BLOCK_BODY
                                  SET_FIELD 'FIELD FIELD_FOR_CAPTURED_VALUE name:this$0 type:com.example.farmforward.appActivity.userActivity.login.LoginController visibility:public/*package*/ [final] declared in com.example.farmforward.appActivity.userActivity.login.LoginController.handleLogin.<no name provided>.invokeSuspend.<no name provided>' type=kotlin.Unit origin=INITIALIZER_OF_FIELD_FOR_CAPTURED_VALUE
                                    receiver: GET_VAR '<this>: com.example.farmforward.appActivity.userActivity.login.LoginController.handleLogin.<no name provided>.invokeSuspend.<no name provided> declared in com.example.farmforward.appActivity.userActivity.login.LoginController.handleLogin.<no name provided>.invokeSuspend.<no name provided>' type=com.example.farmforward.appActivity.userActivity.login.LoginController.handleLogin.<no name provided>.invokeSuspend.<no name provided> origin=null
                                    value: GET_VAR 'this$0: com.example.farmforward.appActivity.userActivity.login.LoginController declared in com.example.farmforward.appActivity.userActivity.login.LoginController.handleLogin.<no name provided>.invokeSuspend.<no name provided>.<init>' type=com.example.farmforward.appActivity.userActivity.login.LoginController origin=null
                                  DELEGATING_CONSTRUCTOR_CALL 'public constructor <init> (arity: kotlin.Int, $completion: kotlin.coroutines.Continuation<kotlin.Any?>?) declared in kotlin.coroutines.jvm.internal.SuspendLambda'
                                    arity: CONST Int type=kotlin.Int value=2
                                    $completion: GET_VAR '$completion: kotlin.coroutines.Continuation<com.example.farmforward.appActivity.userActivity.login.LoginController.handleLogin.<no name provided>.invokeSuspend.<no name provided>>? declared in com.example.farmforward.appActivity.userActivity.login.LoginController.handleLogin.<no name provided>.invokeSuspend.<no name provided>.<init>' type=kotlin.coroutines.Continuation<com.example.farmforward.appActivity.userActivity.login.LoginController.handleLogin.<no name provided>.invokeSuspend.<no name provided>>? origin=null
                                  BLOCK type=kotlin.Unit origin=null
                              FUN name:invokeSuspend visibility:public modality:FINAL <> ($this:com.example.farmforward.appActivity.userActivity.login.LoginController.handleLogin.<no name provided>.invokeSuspend.<no name provided>, $result:kotlin.Result<kotlin.Any?>) returnType:kotlin.Any?
                                overridden:
                                  protected abstract fun invokeSuspend ($result: kotlin.Result<kotlin.Any?>): kotlin.Any? declared in kotlin.coroutines.jvm.internal.SuspendLambda
                                $this: VALUE_PARAMETER INSTANCE_RECEIVER name:<this> type:com.example.farmforward.appActivity.userActivity.login.LoginController.handleLogin.<no name provided>.invokeSuspend.<no name provided>
                                VALUE_PARAMETER name:$result index:0 type:kotlin.Result<kotlin.Any?>
                                BLOCK_BODY
                                  RETURN type=kotlin.Nothing from='public final fun invokeSuspend ($result: kotlin.Result<kotlin.Any?>): kotlin.Any? declared in com.example.farmforward.appActivity.userActivity.login.LoginController.handleLogin.<no name provided>.invokeSuspend.<no name provided>'
                                    BLOCK type=kotlin.Unit? origin=FOLDED_SAFE_CALL
                                      WHEN type=kotlin.Unit? origin=FOLDED_SAFE_CALL
                                        BRANCH
                                          if: COMPOSITE type=kotlin.Boolean origin=null
                                            VAR IR_TEMPORARY_VARIABLE name:tmp0_safe_receiver type:com.example.farmforward.appActivity.userActivity.login.LoginView? [val]
                                              CALL 'public final fun access$getView$p ($this: com.example.farmforward.appActivity.userActivity.login.LoginController): com.example.farmforward.appActivity.userActivity.login.LoginView? declared in com.example.farmforward.appActivity.userActivity.login.LoginController' type=com.example.farmforward.appActivity.userActivity.login.LoginView? origin=null
                                                $this: GET_FIELD 'FIELD FIELD_FOR_CAPTURED_VALUE name:this$0 type:com.example.farmforward.appActivity.userActivity.login.LoginController visibility:public/*package*/ [final] declared in com.example.farmforward.appActivity.userActivity.login.LoginController.handleLogin.<no name provided>.invokeSuspend.<no name provided>' type=com.example.farmforward.appActivity.userActivity.login.LoginController origin=null
                                                  receiver: GET_VAR '<this>: com.example.farmforward.appActivity.userActivity.login.LoginController.handleLogin.<no name provided>.invokeSuspend.<no name provided> declared in com.example.farmforward.appActivity.userActivity.login.LoginController.handleLogin.<no name provided>.invokeSuspend.<no name provided>.invokeSuspend' type=com.example.farmforward.appActivity.userActivity.login.LoginController.handleLogin.<no name provided>.invokeSuspend.<no name provided> origin=null
                                            CALL 'public final fun not (): kotlin.Boolean [operator] declared in kotlin.Boolean' type=kotlin.Boolean origin=null
                                              $this: CALL 'public final fun EQEQ (arg0: kotlin.Any?, arg1: kotlin.Any?): kotlin.Boolean declared in kotlin.internal.ir' type=kotlin.Boolean origin=null
                                                arg0: GET_VAR 'val tmp0_safe_receiver: com.example.farmforward.appActivity.userActivity.login.LoginView? [val] declared in com.example.farmforward.appActivity.userActivity.login.LoginController.handleLogin.<no name provided>.invokeSuspend.<no name provided>.invokeSuspend' type=com.example.farmforward.appActivity.userActivity.login.LoginView? origin=null
                                                arg1: CONST Null type=kotlin.Nothing? value=null
                                          then: CALL 'public abstract fun showToast (message: kotlin.String, isError: kotlin.Boolean): kotlin.Unit declared in com.example.farmforward.appActivity.userActivity.login.LoginView' type=kotlin.Unit origin=null
                                            $this: GET_VAR 'val tmp0_safe_receiver: com.example.farmforward.appActivity.userActivity.login.LoginView? [val] declared in com.example.farmforward.appActivity.userActivity.login.LoginController.handleLogin.<no name provided>.invokeSuspend.<no name provided>.invokeSuspend' type=com.example.farmforward.appActivity.userActivity.login.LoginView? origin=null
                                            message: CONST String type=kotlin.String value="Account not found."
                                            isError: CONST Boolean type=kotlin.Boolean value=true
                                        BRANCH
                                          if: CONST Boolean type=kotlin.Boolean value=true
                                          then: CONST Null type=kotlin.Nothing? value=null
                              FUN name:create visibility:public modality:FINAL <> ($this:com.example.farmforward.appActivity.userActivity.login.LoginController.handleLogin.<no name provided>.invokeSuspend.<no name provided>, value:kotlin.Any?, $completion:kotlin.coroutines.Continuation<kotlin.Nothing>) returnType:kotlin.coroutines.Continuation<kotlin.Unit>
                                overridden:
                                  public open fun create (value: kotlin.Any?, $completion: kotlin.coroutines.Continuation<kotlin.Nothing>): kotlin.coroutines.Continuation<kotlin.Unit> declared in kotlin.coroutines.jvm.internal.SuspendLambda
                                $this: VALUE_PARAMETER INSTANCE_RECEIVER name:<this> type:com.example.farmforward.appActivity.userActivity.login.LoginController.handleLogin.<no name provided>.invokeSuspend.<no name provided>
                                VALUE_PARAMETER name:value index:0 type:kotlin.Any?
                                VALUE_PARAMETER name:$completion index:1 type:kotlin.coroutines.Continuation<kotlin.Nothing>
                                BLOCK_BODY
                                  RETURN type=kotlin.Nothing from='public final fun create (value: kotlin.Any?, $completion: kotlin.coroutines.Continuation<kotlin.Nothing>): kotlin.coroutines.Continuation<kotlin.Unit> declared in com.example.farmforward.appActivity.userActivity.login.LoginController.handleLogin.<no name provided>.invokeSuspend.<no name provided>'
                                    CONSTRUCTOR_CALL 'public/*package*/ constructor <init> (this$0: com.example.farmforward.appActivity.userActivity.login.LoginController, $completion: kotlin.coroutines.Continuation<com.example.farmforward.appActivity.userActivity.login.LoginController.handleLogin.<no name provided>.invokeSuspend.<no name provided>>?) [primary] declared in com.example.farmforward.appActivity.userActivity.login.LoginController.handleLogin.<no name provided>.invokeSuspend.<no name provided>' type=com.example.farmforward.appActivity.userActivity.login.LoginController.handleLogin.<no name provided>.invokeSuspend.<no name provided> origin=null
                                      this$0: GET_FIELD 'FIELD FIELD_FOR_CAPTURED_VALUE name:this$0 type:com.example.farmforward.appActivity.userActivity.login.LoginController visibility:public/*package*/ [final] declared in com.example.farmforward.appActivity.userActivity.login.LoginController.handleLogin.<no name provided>.invokeSuspend.<no name provided>' type=com.example.farmforward.appActivity.userActivity.login.LoginController origin=null
                                        receiver: GET_VAR '<this>: com.example.farmforward.appActivity.userActivity.login.LoginController.handleLogin.<no name provided>.invokeSuspend.<no name provided> declared in com.example.farmforward.appActivity.userActivity.login.LoginController.handleLogin.<no name provided>.invokeSuspend.<no name provided>.create' type=com.example.farmforward.appActivity.userActivity.login.LoginController.handleLogin.<no name provided>.invokeSuspend.<no name provided> origin=null
                                      $completion: GET_VAR '$completion: kotlin.coroutines.Continuation<kotlin.Nothing> declared in com.example.farmforward.appActivity.userActivity.login.LoginController.handleLogin.<no name provided>.invokeSuspend.<no name provided>.create' type=kotlin.coroutines.Continuation<kotlin.Nothing> origin=null
                              FUN name:invoke visibility:public modality:FINAL <> ($this:com.example.farmforward.appActivity.userActivity.login.LoginController.handleLogin.<no name provided>.invokeSuspend.<no name provided>, p1:kotlinx.coroutines.CoroutineScope, p2:kotlin.coroutines.Continuation<kotlin.Unit?>?) returnType:kotlin.Any?
                                overridden:
                                  public abstract fun invoke (p1: P1 of kotlin.jvm.functions.Function2, p2: P2 of kotlin.jvm.functions.Function2): R of kotlin.jvm.functions.Function2 declared in kotlin.jvm.functions.Function2
                                $this: VALUE_PARAMETER INSTANCE_RECEIVER name:<this> type:com.example.farmforward.appActivity.userActivity.login.LoginController.handleLogin.<no name provided>.invokeSuspend.<no name provided>
                                VALUE_PARAMETER name:p1 index:0 type:kotlinx.coroutines.CoroutineScope
                                VALUE_PARAMETER name:p2 index:1 type:kotlin.coroutines.Continuation<kotlin.Unit?>?
                                BLOCK_BODY
                                  RETURN type=kotlin.Nothing from='public final fun invoke (p1: kotlinx.coroutines.CoroutineScope, p2: kotlin.coroutines.Continuation<kotlin.Unit?>?): kotlin.Any? declared in com.example.farmforward.appActivity.userActivity.login.LoginController.handleLogin.<no name provided>.invokeSuspend.<no name provided>'
                                    CALL 'public final fun invokeSuspend ($result: kotlin.Result<kotlin.Any?>): kotlin.Any? declared in com.example.farmforward.appActivity.userActivity.login.LoginController.handleLogin.<no name provided>.invokeSuspend.<no name provided>' type=kotlin.Any? origin=null
                                      $this: TYPE_OP type=com.example.farmforward.appActivity.userActivity.login.LoginController.handleLogin.<no name provided>.invokeSuspend.<no name provided> origin=IMPLICIT_CAST typeOperand=com.example.farmforward.appActivity.userActivity.login.LoginController.handleLogin.<no name provided>.invokeSuspend.<no name provided>
                                        CALL 'public final fun create (value: kotlin.Any?, $completion: kotlin.coroutines.Continuation<kotlin.Nothing>): kotlin.coroutines.Continuation<kotlin.Unit> declared in com.example.farmforward.appActivity.userActivity.login.LoginController.handleLogin.<no name provided>.invokeSuspend.<no name provided>' type=kotlin.coroutines.Continuation<kotlin.Unit> origin=null
                                          $this: GET_VAR '<this>: com.example.farmforward.appActivity.userActivity.login.LoginController.handleLogin.<no name provided>.invokeSuspend.<no name provided> declared in com.example.farmforward.appActivity.userActivity.login.LoginController.handleLogin.<no name provided>.invokeSuspend.<no name provided>.invoke' type=com.example.farmforward.appActivity.userActivity.login.LoginController.handleLogin.<no name provided>.invokeSuspend.<no name provided> origin=null
                                          value: GET_VAR 'p1: kotlinx.coroutines.CoroutineScope declared in com.example.farmforward.appActivity.userActivity.login.LoginController.handleLogin.<no name provided>.invokeSuspend.<no name provided>.invoke' type=kotlinx.coroutines.CoroutineScope origin=null
                                          $completion: GET_VAR 'p2: kotlin.coroutines.Continuation<kotlin.Unit?>? declared in com.example.farmforward.appActivity.userActivity.login.LoginController.handleLogin.<no name provided>.invokeSuspend.<no name provided>.invoke' type=kotlin.coroutines.Continuation<kotlin.Unit?>? origin=null
                                      $result: CALL 'public final fun <unsafe-coerce> <T, R> (v: T of kotlin.jvm.internal.<unsafe-coerce>): R of kotlin.jvm.internal.<unsafe-coerce> declared in kotlin.jvm.internal' type=kotlin.Result<kotlin.Any?> origin=null
                                        <T>: kotlin.Any?
                                        <R>: kotlin.Result<kotlin.Any?>
                                        v: GET_FIELD 'FIELD FIELD_FOR_OBJECT_INSTANCE name:INSTANCE type:kotlin.Unit visibility:public [final,static] declared in kotlin.Unit' type=kotlin.Unit origin=null
                              FIELD FIELD_FOR_CAPTURED_VALUE name:this$0 type:com.example.farmforward.appActivity.userActivity.login.LoginController visibility:public/*package*/ [final]
                              FUN BRIDGE name:invoke visibility:public modality:OPEN <> ($this:com.example.farmforward.appActivity.userActivity.login.LoginController.handleLogin.<no name provided>.invokeSuspend.<no name provided>, p1:kotlin.Any?, p2:kotlin.Any?) returnType:kotlin.Any?
                                $this: VALUE_PARAMETER INSTANCE_RECEIVER name:<this> type:com.example.farmforward.appActivity.userActivity.login.LoginController.handleLogin.<no name provided>.invokeSuspend.<no name provided>
                                VALUE_PARAMETER BRIDGE name:p1 index:0 type:kotlin.Any?
                                VALUE_PARAMETER BRIDGE name:p2 index:1 type:kotlin.Any?
                                EXPRESSION_BODY
                                  RETURN type=kotlin.Nothing from='public open fun invoke (p1: kotlin.Any?, p2: kotlin.Any?): kotlin.Any? declared in com.example.farmforward.appActivity.userActivity.login.LoginController.handleLogin.<no name provided>.invokeSuspend.<no name provided>'
                                    CALL 'public final fun invoke (p1: kotlinx.coroutines.CoroutineScope, p2: kotlin.coroutines.Continuation<kotlin.Unit?>?): kotlin.Any? declared in com.example.farmforward.appActivity.userActivity.login.LoginController.handleLogin.<no name provided>.invokeSuspend.<no name provided>' type=kotlin.Any? origin=BRIDGE_DELEGATION
                                      $this: GET_VAR '<this>: com.example.farmforward.appActivity.userActivity.login.LoginController.handleLogin.<no name provided>.invokeSuspend.<no name provided> declared in com.example.farmforward.appActivity.userActivity.login.LoginController.handleLogin.<no name provided>.invokeSuspend.<no name provided>.invoke' type=com.example.farmforward.appActivity.userActivity.login.LoginController.handleLogin.<no name provided>.invokeSuspend.<no name provided> origin=null
                                      p1: TYPE_OP type=kotlinx.coroutines.CoroutineScope origin=IMPLICIT_CAST typeOperand=kotlinx.coroutines.CoroutineScope
                                        GET_VAR 'p1: kotlin.Any? declared in com.example.farmforward.appActivity.userActivity.login.LoginController.handleLogin.<no name provided>.invokeSuspend.<no name provided>.invoke' type=kotlin.Any? origin=null
                                      p2: TYPE_OP type=kotlin.coroutines.Continuation<*> origin=IMPLICIT_CAST typeOperand=kotlin.coroutines.Continuation<*>
                                        GET_VAR 'p2: kotlin.Any? declared in com.example.farmforward.appActivity.userActivity.login.LoginController.handleLogin.<no name provided>.invokeSuspend.<no name provided>.invoke' type=kotlin.Any? origin=null
                            CONSTRUCTOR_CALL 'public/*package*/ constructor <init> (this$0: com.example.farmforward.appActivity.userActivity.login.LoginController, $completion: kotlin.coroutines.Continuation<com.example.farmforward.appActivity.userActivity.login.LoginController.handleLogin.<no name provided>.invokeSuspend.<no name provided>>?) [primary] declared in com.example.farmforward.appActivity.userActivity.login.LoginController.handleLogin.<no name provided>.invokeSuspend.<no name provided>' type=com.example.farmforward.appActivity.userActivity.login.LoginController.handleLogin.<no name provided>.invokeSuspend.<no name provided> origin=null
                              this$0: GET_FIELD 'FIELD FIELD_FOR_CAPTURED_VALUE name:this$0 type:com.example.farmforward.appActivity.userActivity.login.LoginController visibility:public/*package*/ [final] declared in com.example.farmforward.appActivity.userActivity.login.LoginController.handleLogin.<no name provided>' type=com.example.farmforward.appActivity.userActivity.login.LoginController origin=null
                                receiver: GET_VAR '<this>: com.example.farmforward.appActivity.userActivity.login.LoginController.handleLogin.<no name provided> declared in com.example.farmforward.appActivity.userActivity.login.LoginController.handleLogin.<no name provided>.invokeSuspend' type=com.example.farmforward.appActivity.userActivity.login.LoginController.handleLogin.<no name provided> origin=null
                              $completion: CONST Null type=kotlin.Nothing? value=null
                          $completion: GET_VAR '<this>: com.example.farmforward.appActivity.userActivity.login.LoginController.handleLogin.<no name provided> declared in com.example.farmforward.appActivity.userActivity.login.LoginController.handleLogin.<no name provided>.invokeSuspend' type=com.example.farmforward.appActivity.userActivity.login.LoginController.handleLogin.<no name provided> origin=null
                      RETURN type=kotlin.Nothing from='public final fun invokeSuspend ($result: kotlin.Result<kotlin.Any?>): kotlin.Any? declared in com.example.farmforward.appActivity.userActivity.login.LoginController.handleLogin.<no name provided>'
                        GET_FIELD 'FIELD FIELD_FOR_OBJECT_INSTANCE name:INSTANCE type:kotlin.Unit visibility:public [final,static] declared in kotlin.Unit' type=kotlin.Unit origin=null
                COMPOSITE type=kotlin.Unit origin=null
                  CALL 'public abstract fun addOnFailureListener (p0: @[EnhancedNullability] com.google.android.gms.tasks.OnFailureListener): @[EnhancedNullability] com.google.android.gms.tasks.Task<@[FlexibleNullability] TResult of com.google.android.gms.tasks.Task?> declared in com.google.android.gms.tasks.Task' type=@[EnhancedNullability] com.google.android.gms.tasks.Task<@[FlexibleNullability] com.google.firebase.auth.AuthResult?> origin=null
                    $this: CALL 'public abstract fun addOnSuccessListener (p0: @[EnhancedNullability] com.google.android.gms.tasks.OnSuccessListener<in @[FlexibleNullability] TResult of com.google.android.gms.tasks.Task?>): @[EnhancedNullability] com.google.android.gms.tasks.Task<@[FlexibleNullability] TResult of com.google.android.gms.tasks.Task?> declared in com.google.android.gms.tasks.Task' type=@[EnhancedNullability] com.google.android.gms.tasks.Task<@[FlexibleNullability] com.google.firebase.auth.AuthResult?> origin=null
                      $this: CALL 'public open fun signInWithEmailAndPassword (p0: @[EnhancedNullability] kotlin.String, p1: @[EnhancedNullability] kotlin.String): @[EnhancedNullability] com.google.android.gms.tasks.Task<@[FlexibleNullability] com.google.firebase.auth.AuthResult?> declared in com.google.firebase.auth.FirebaseAuth' type=@[EnhancedNullability] com.google.android.gms.tasks.Task<@[FlexibleNullability] com.google.firebase.auth.AuthResult?> origin=null
                        $this: CALL 'public final fun access$getAuth$p ($this: com.example.farmforward.appActivity.userActivity.login.LoginController): com.google.firebase.auth.FirebaseAuth declared in com.example.farmforward.appActivity.userActivity.login.LoginController' type=com.google.firebase.auth.FirebaseAuth origin=null
                          $this: GET_FIELD 'FIELD FIELD_FOR_CAPTURED_VALUE name:this$0 type:com.example.farmforward.appActivity.userActivity.login.LoginController visibility:public/*package*/ [final] declared in com.example.farmforward.appActivity.userActivity.login.LoginController.handleLogin.<no name provided>' type=com.example.farmforward.appActivity.userActivity.login.LoginController origin=null
                            receiver: GET_VAR '<this>: com.example.farmforward.appActivity.userActivity.login.LoginController.handleLogin.<no name provided> declared in com.example.farmforward.appActivity.userActivity.login.LoginController.handleLogin.<no name provided>.invokeSuspend' type=com.example.farmforward.appActivity.userActivity.login.LoginController.handleLogin.<no name provided> origin=null
                        p0: CALL 'public final fun CHECK_NOT_NULL <T0> (arg0: T0 of kotlin.internal.ir.CHECK_NOT_NULL?): {T0 of kotlin.internal.ir.CHECK_NOT_NULL & Any} declared in kotlin.internal.ir' type=kotlin.String origin=EXCLEXCL
                          <T0>: kotlin.String
                          arg0: GET_FIELD 'FIELD IR_BUILTINS_STUB name:element type:T of kotlin.jvm.internal.Ref.ObjectRef visibility:public declared in kotlin.jvm.internal.Ref.ObjectRef' type=kotlin.String? origin=null
                            receiver: GET_VAR 'val emailToUse: kotlin.jvm.internal.Ref.ObjectRef<kotlin.String?> [val] declared in com.example.farmforward.appActivity.userActivity.login.LoginController.handleLogin.<no name provided>.invokeSuspend' type=kotlin.jvm.internal.Ref.ObjectRef<kotlin.String?> origin=null
                        p1: GET_FIELD 'FIELD FIELD_FOR_CAPTURED_VALUE name:$password type:kotlin.String visibility:public/*package*/ [final] declared in com.example.farmforward.appActivity.userActivity.login.LoginController.handleLogin.<no name provided>' type=kotlin.String origin=null
                          receiver: GET_VAR '<this>: com.example.farmforward.appActivity.userActivity.login.LoginController.handleLogin.<no name provided> declared in com.example.farmforward.appActivity.userActivity.login.LoginController.handleLogin.<no name provided>.invokeSuspend' type=com.example.farmforward.appActivity.userActivity.login.LoginController.handleLogin.<no name provided> origin=null
                      p0: BLOCK type=com.google.android.gms.tasks.OnSuccessListener<kotlin.Any?> origin=LAMBDA
                        VAR IR_TEMPORARY_VARIABLE name:tmp0 type:kotlin.Function1<kotlin.Any?, kotlin.Unit> [val]
                          TYPE_OP type=kotlin.Function1<kotlin.Any?, kotlin.Unit> origin=IMPLICIT_CAST typeOperand=kotlin.Function1<kotlin.Any?, kotlin.Unit>
                            BLOCK type=kotlin.Function1<@[FlexibleNullability] com.google.firebase.auth.AuthResult?, kotlin.Unit> origin=LAMBDA
                              COMPOSITE type=kotlin.Unit origin=null
                              CALL 'public final fun <jvm-indy> <T> (dynamicCall: T of kotlin.jvm.internal.<jvm-indy>, bootstrapMethodHandle: kotlin.Any, vararg bootstrapMethodArguments: kotlin.Any): T of kotlin.jvm.internal.<jvm-indy> declared in kotlin.jvm.internal' type=kotlin.Function1<@[FlexibleNullability] com.google.firebase.auth.AuthResult?, kotlin.Unit> origin=null
                                <T>: kotlin.Function1<@[FlexibleNullability] com.google.firebase.auth.AuthResult?, kotlin.Unit>
                                dynamicCall: CALL 'public final fun invoke (p0: com.example.farmforward.appActivity.userActivity.login.LoginController, p1: kotlin.jvm.internal.Ref.ObjectRef<kotlin.String?>, p2: kotlin.String, p3: kotlin.jvm.internal.Ref.ObjectRef<com.example.farmforward.database.roomDatabase.User?>, p4: kotlin.Boolean): kotlin.Function1<@[FlexibleNullability] com.google.firebase.auth.AuthResult?, kotlin.Unit> declared in kotlin.jvm.internal.invokeDynamic' type=kotlin.Function1<@[FlexibleNullability] com.google.firebase.auth.AuthResult?, kotlin.Unit> origin=null
                                  p0: GET_FIELD 'FIELD FIELD_FOR_CAPTURED_VALUE name:this$0 type:com.example.farmforward.appActivity.userActivity.login.LoginController visibility:public/*package*/ [final] declared in com.example.farmforward.appActivity.userActivity.login.LoginController.handleLogin.<no name provided>' type=com.example.farmforward.appActivity.userActivity.login.LoginController origin=null
                                    receiver: GET_VAR '<this>: com.example.farmforward.appActivity.userActivity.login.LoginController.handleLogin.<no name provided> declared in com.example.farmforward.appActivity.userActivity.login.LoginController.handleLogin.<no name provided>.invokeSuspend' type=com.example.farmforward.appActivity.userActivity.login.LoginController.handleLogin.<no name provided> origin=null
                                  p1: GET_VAR 'val emailToUse: kotlin.jvm.internal.Ref.ObjectRef<kotlin.String?> [val] declared in com.example.farmforward.appActivity.userActivity.login.LoginController.handleLogin.<no name provided>.invokeSuspend' type=kotlin.jvm.internal.Ref.ObjectRef<kotlin.String?> origin=null
                                  p2: GET_FIELD 'FIELD FIELD_FOR_CAPTURED_VALUE name:$password type:kotlin.String visibility:public/*package*/ [final] declared in com.example.farmforward.appActivity.userActivity.login.LoginController.handleLogin.<no name provided>' type=kotlin.String origin=null
                                    receiver: GET_VAR '<this>: com.example.farmforward.appActivity.userActivity.login.LoginController.handleLogin.<no name provided> declared in com.example.farmforward.appActivity.userActivity.login.LoginController.handleLogin.<no name provided>.invokeSuspend' type=com.example.farmforward.appActivity.userActivity.login.LoginController.handleLogin.<no name provided> origin=null
                                  p3: GET_VAR 'val localUser: kotlin.jvm.internal.Ref.ObjectRef<com.example.farmforward.database.roomDatabase.User?> [val] declared in com.example.farmforward.appActivity.userActivity.login.LoginController.handleLogin.<no name provided>.invokeSuspend' type=kotlin.jvm.internal.Ref.ObjectRef<com.example.farmforward.database.roomDatabase.User?> origin=null
                                  p4: GET_FIELD 'FIELD FIELD_FOR_CAPTURED_VALUE name:$isOfflineMode type:kotlin.Boolean visibility:public/*package*/ [final] declared in com.example.farmforward.appActivity.userActivity.login.LoginController.handleLogin.<no name provided>' type=kotlin.Boolean origin=null
                                    receiver: GET_VAR '<this>: com.example.farmforward.appActivity.userActivity.login.LoginController.handleLogin.<no name provided> declared in com.example.farmforward.appActivity.userActivity.login.LoginController.handleLogin.<no name provided>.invokeSuspend' type=com.example.farmforward.appActivity.userActivity.login.LoginController.handleLogin.<no name provided> origin=null
                                bootstrapMethodHandle: CALL 'public final fun <jvm-method-handle> (tag: kotlin.Int, owner: kotlin.String, name: kotlin.String, descriptor: kotlin.String, isInterface: kotlin.Boolean): kotlin.Any declared in kotlin.jvm.internal' type=kotlin.Any origin=null
                                  tag: CONST Int type=kotlin.Int value=6
                                  owner: CONST String type=kotlin.String value="java/lang/invoke/LambdaMetafactory"
                                  name: CONST String type=kotlin.String value="metafactory"
                                  descriptor: CONST String type=kotlin.String value="(Ljava/lang/invoke/MethodHandles$Lookup;Ljava/lang/String;Ljava/lang/invoke/MethodType;Ljava/lang/invoke/MethodType;Ljava/lang/invoke/MethodHandle;Ljava/lang/invoke/MethodType;)Ljava/lang/invoke/CallSite;"
                                  isInterface: CONST Boolean type=kotlin.Boolean value=false
                                bootstrapMethodArguments: VARARG type=kotlin.Array<kotlin.Any> varargElementType=kotlin.Any
                                  CALL 'public final fun <jvm-original-method-type> (method: kotlin.Any): kotlin.Any declared in kotlin.jvm.internal' type=kotlin.Any origin=null
                                    method: RAW_FUNCTION_REFERENCE 'public abstract fun invoke (p1: P1 of kotlin.Function1): R of kotlin.Function1 [operator] declared in kotlin.Function1' type=kotlin.Any
                                  RAW_FUNCTION_REFERENCE 'private final fun invokeSuspend$lambda$0 (this$0: com.example.farmforward.appActivity.userActivity.login.LoginController, $emailToUse: kotlin.jvm.internal.Ref.ObjectRef<kotlin.String?>, $password: kotlin.String, $localUser: kotlin.jvm.internal.Ref.ObjectRef<com.example.farmforward.database.roomDatabase.User?>, $isOfflineMode: kotlin.Boolean, authResult: @[FlexibleNullability] com.google.firebase.auth.AuthResult?): kotlin.Unit? declared in com.example.farmforward.appActivity.userActivity.login.LoginController.handleLogin.<no name provided>' type=kotlin.Any
                                  CALL 'public final fun <jvm-original-method-type> (method: kotlin.Any): kotlin.Any declared in kotlin.jvm.internal' type=kotlin.Any origin=null
                                    method: RAW_FUNCTION_REFERENCE 'public abstract fun invoke (p1: @[FlexibleNullability] com.google.firebase.auth.AuthResult?): kotlin.Unit? [fake_override,operator] declared in kotlin.jvm.internal.invokeDynamic.<fake>' type=kotlin.Any
                        COMPOSITE type=kotlin.Unit origin=null
                        CALL 'public final fun <jvm-indy> <T> (dynamicCall: T of kotlin.jvm.internal.<jvm-indy>, bootstrapMethodHandle: kotlin.Any, vararg bootstrapMethodArguments: kotlin.Any): T of kotlin.jvm.internal.<jvm-indy> declared in kotlin.jvm.internal' type=com.google.android.gms.tasks.OnSuccessListener<kotlin.Any?> origin=null
                          <T>: com.google.android.gms.tasks.OnSuccessListener<kotlin.Any?>
                          dynamicCall: CALL 'public final fun onSuccess (p0: kotlin.Function1<kotlin.Any?, kotlin.Unit>): com.google.android.gms.tasks.OnSuccessListener<kotlin.Any?> declared in kotlin.jvm.internal.invokeDynamic' type=com.google.android.gms.tasks.OnSuccessListener<kotlin.Any?> origin=null
                            p0: GET_VAR 'val tmp0: kotlin.Function1<kotlin.Any?, kotlin.Unit> [val] declared in com.example.farmforward.appActivity.userActivity.login.LoginController.handleLogin.<no name provided>.invokeSuspend' type=kotlin.Function1<kotlin.Any?, kotlin.Unit> origin=null
                          bootstrapMethodHandle: CALL 'public final fun <jvm-method-handle> (tag: kotlin.Int, owner: kotlin.String, name: kotlin.String, descriptor: kotlin.String, isInterface: kotlin.Boolean): kotlin.Any declared in kotlin.jvm.internal' type=kotlin.Any origin=null
                            tag: CONST Int type=kotlin.Int value=6
                            owner: CONST String type=kotlin.String value="java/lang/invoke/LambdaMetafactory"
                            name: CONST String type=kotlin.String value="metafactory"
                            descriptor: CONST String type=kotlin.String value="(Ljava/lang/invoke/MethodHandles$Lookup;Ljava/lang/String;Ljava/lang/invoke/MethodType;Ljava/lang/invoke/MethodType;Ljava/lang/invoke/MethodHandle;Ljava/lang/invoke/MethodType;)Ljava/lang/invoke/CallSite;"
                            isInterface: CONST Boolean type=kotlin.Boolean value=false
                          bootstrapMethodArguments: VARARG type=kotlin.Array<kotlin.Any> varargElementType=kotlin.Any
                            CALL 'public final fun <jvm-original-method-type> (method: kotlin.Any): kotlin.Any declared in kotlin.jvm.internal' type=kotlin.Any origin=null
                              method: RAW_FUNCTION_REFERENCE 'public abstract fun onSuccess (p0: @[FlexibleNullability] TResult of com.google.android.gms.tasks.OnSuccessListener?): kotlin.Unit declared in com.google.android.gms.tasks.OnSuccessListener' type=kotlin.Any
                            RAW_FUNCTION_REFERENCE 'private final fun invokeSuspend$lambda$1 ($tmp0: kotlin.Function1<kotlin.Any?, kotlin.Unit>, p0: @[FlexibleNullability] kotlin.Any?): kotlin.Unit declared in com.example.farmforward.appActivity.userActivity.login.LoginController.handleLogin.<no name provided>' type=kotlin.Any
                            CALL 'public final fun <jvm-original-method-type> (method: kotlin.Any): kotlin.Any declared in kotlin.jvm.internal' type=kotlin.Any origin=null
                              method: RAW_FUNCTION_REFERENCE 'public abstract fun onSuccess (p0: @[FlexibleNullability] kotlin.Any?): kotlin.Unit [fake_override] declared in kotlin.jvm.internal.invokeDynamic.<fake>' type=kotlin.Any
                    p0: BLOCK type=com.google.android.gms.tasks.OnFailureListener origin=LAMBDA
                      COMPOSITE type=kotlin.Unit origin=null
                      CALL 'public final fun <jvm-indy> <T> (dynamicCall: T of kotlin.jvm.internal.<jvm-indy>, bootstrapMethodHandle: kotlin.Any, vararg bootstrapMethodArguments: kotlin.Any): T of kotlin.jvm.internal.<jvm-indy> declared in kotlin.jvm.internal' type=com.google.android.gms.tasks.OnFailureListener origin=null
                        <T>: com.google.android.gms.tasks.OnFailureListener
                        dynamicCall: CALL 'public final fun onFailure (p0: com.example.farmforward.appActivity.userActivity.login.LoginController): com.google.android.gms.tasks.OnFailureListener declared in kotlin.jvm.internal.invokeDynamic' type=com.google.android.gms.tasks.OnFailureListener origin=null
                          p0: GET_FIELD 'FIELD FIELD_FOR_CAPTURED_VALUE name:this$0 type:com.example.farmforward.appActivity.userActivity.login.LoginController visibility:public/*package*/ [final] declared in com.example.farmforward.appActivity.userActivity.login.LoginController.handleLogin.<no name provided>' type=com.example.farmforward.appActivity.userActivity.login.LoginController origin=null
                            receiver: GET_VAR '<this>: com.example.farmforward.appActivity.userActivity.login.LoginController.handleLogin.<no name provided> declared in com.example.farmforward.appActivity.userActivity.login.LoginController.handleLogin.<no name provided>.invokeSuspend' type=com.example.farmforward.appActivity.userActivity.login.LoginController.handleLogin.<no name provided> origin=null
                        bootstrapMethodHandle: CALL 'public final fun <jvm-method-handle> (tag: kotlin.Int, owner: kotlin.String, name: kotlin.String, descriptor: kotlin.String, isInterface: kotlin.Boolean): kotlin.Any declared in kotlin.jvm.internal' type=kotlin.Any origin=null
                          tag: CONST Int type=kotlin.Int value=6
                          owner: CONST String type=kotlin.String value="java/lang/invoke/LambdaMetafactory"
                          name: CONST String type=kotlin.String value="metafactory"
                          descriptor: CONST String type=kotlin.String value="(Ljava/lang/invoke/MethodHandles$Lookup;Ljava/lang/String;Ljava/lang/invoke/MethodType;Ljava/lang/invoke/MethodType;Ljava/lang/invoke/MethodHandle;Ljava/lang/invoke/MethodType;)Ljava/lang/invoke/CallSite;"
                          isInterface: CONST Boolean type=kotlin.Boolean value=false
                        bootstrapMethodArguments: VARARG type=kotlin.Array<kotlin.Any> varargElementType=kotlin.Any
                          CALL 'public final fun <jvm-original-method-type> (method: kotlin.Any): kotlin.Any declared in kotlin.jvm.internal' type=kotlin.Any origin=null
                            method: RAW_FUNCTION_REFERENCE 'public abstract fun onFailure (p0: @[EnhancedNullability] java.lang.Exception): kotlin.Unit declared in com.google.android.gms.tasks.OnFailureListener' type=kotlin.Any
                          RAW_FUNCTION_REFERENCE 'private final fun invokeSuspend$lambda$2 (this$0: com.example.farmforward.appActivity.userActivity.login.LoginController, e: @[EnhancedNullability] java.lang.Exception): kotlin.Unit declared in com.example.farmforward.appActivity.userActivity.login.LoginController.handleLogin.<no name provided>' type=kotlin.Any
                          CALL 'public final fun <jvm-original-method-type> (method: kotlin.Any): kotlin.Any declared in kotlin.jvm.internal' type=kotlin.Any origin=null
                            method: RAW_FUNCTION_REFERENCE 'public abstract fun onFailure (p0: @[EnhancedNullability] java.lang.Exception): kotlin.Unit [fake_override] declared in kotlin.jvm.internal.invokeDynamic.<fake>' type=kotlin.Any
                  COMPOSITE type=kotlin.Unit origin=null
            FUN name:create visibility:public modality:FINAL <> ($this:com.example.farmforward.appActivity.userActivity.login.LoginController.handleLogin.<no name provided>, value:kotlin.Any?, $completion:kotlin.coroutines.Continuation<kotlin.Nothing>) returnType:kotlin.coroutines.Continuation<kotlin.Unit>
              overridden:
                public open fun create (value: kotlin.Any?, $completion: kotlin.coroutines.Continuation<kotlin.Nothing>): kotlin.coroutines.Continuation<kotlin.Unit> declared in kotlin.coroutines.jvm.internal.SuspendLambda
              $this: VALUE_PARAMETER INSTANCE_RECEIVER name:<this> type:com.example.farmforward.appActivity.userActivity.login.LoginController.handleLogin.<no name provided>
              VALUE_PARAMETER name:value index:0 type:kotlin.Any?
              VALUE_PARAMETER name:$completion index:1 type:kotlin.coroutines.Continuation<kotlin.Nothing>
              BLOCK_BODY
                RETURN type=kotlin.Nothing from='public final fun create (value: kotlin.Any?, $completion: kotlin.coroutines.Continuation<kotlin.Nothing>): kotlin.coroutines.Continuation<kotlin.Unit> declared in com.example.farmforward.appActivity.userActivity.login.LoginController.handleLogin.<no name provided>'
                  CONSTRUCTOR_CALL 'public/*package*/ constructor <init> ($isOfflineMode: kotlin.Boolean, this$0: com.example.farmforward.appActivity.userActivity.login.LoginController, $identifier: kotlin.String, $password: kotlin.String, $completion: kotlin.coroutines.Continuation<com.example.farmforward.appActivity.userActivity.login.LoginController.handleLogin.<no name provided>>?) [primary] declared in com.example.farmforward.appActivity.userActivity.login.LoginController.handleLogin.<no name provided>' type=com.example.farmforward.appActivity.userActivity.login.LoginController.handleLogin.<no name provided> origin=null
                    $isOfflineMode: GET_FIELD 'FIELD FIELD_FOR_CAPTURED_VALUE name:$isOfflineMode type:kotlin.Boolean visibility:public/*package*/ [final] declared in com.example.farmforward.appActivity.userActivity.login.LoginController.handleLogin.<no name provided>' type=kotlin.Boolean origin=null
                      receiver: GET_VAR '<this>: com.example.farmforward.appActivity.userActivity.login.LoginController.handleLogin.<no name provided> declared in com.example.farmforward.appActivity.userActivity.login.LoginController.handleLogin.<no name provided>.create' type=com.example.farmforward.appActivity.userActivity.login.LoginController.handleLogin.<no name provided> origin=null
                    this$0: GET_FIELD 'FIELD FIELD_FOR_CAPTURED_VALUE name:this$0 type:com.example.farmforward.appActivity.userActivity.login.LoginController visibility:public/*package*/ [final] declared in com.example.farmforward.appActivity.userActivity.login.LoginController.handleLogin.<no name provided>' type=com.example.farmforward.appActivity.userActivity.login.LoginController origin=null
                      receiver: GET_VAR '<this>: com.example.farmforward.appActivity.userActivity.login.LoginController.handleLogin.<no name provided> declared in com.example.farmforward.appActivity.userActivity.login.LoginController.handleLogin.<no name provided>.create' type=com.example.farmforward.appActivity.userActivity.login.LoginController.handleLogin.<no name provided> origin=null
                    $identifier: GET_FIELD 'FIELD FIELD_FOR_CAPTURED_VALUE name:$identifier type:kotlin.String visibility:public/*package*/ [final] declared in com.example.farmforward.appActivity.userActivity.login.LoginController.handleLogin.<no name provided>' type=kotlin.String origin=null
                      receiver: GET_VAR '<this>: com.example.farmforward.appActivity.userActivity.login.LoginController.handleLogin.<no name provided> declared in com.example.farmforward.appActivity.userActivity.login.LoginController.handleLogin.<no name provided>.create' type=com.example.farmforward.appActivity.userActivity.login.LoginController.handleLogin.<no name provided> origin=null
                    $password: GET_FIELD 'FIELD FIELD_FOR_CAPTURED_VALUE name:$password type:kotlin.String visibility:public/*package*/ [final] declared in com.example.farmforward.appActivity.userActivity.login.LoginController.handleLogin.<no name provided>' type=kotlin.String origin=null
                      receiver: GET_VAR '<this>: com.example.farmforward.appActivity.userActivity.login.LoginController.handleLogin.<no name provided> declared in com.example.farmforward.appActivity.userActivity.login.LoginController.handleLogin.<no name provided>.create' type=com.example.farmforward.appActivity.userActivity.login.LoginController.handleLogin.<no name provided> origin=null
                    $completion: GET_VAR '$completion: kotlin.coroutines.Continuation<kotlin.Nothing> declared in com.example.farmforward.appActivity.userActivity.login.LoginController.handleLogin.<no name provided>.create' type=kotlin.coroutines.Continuation<kotlin.Nothing> origin=null
            FUN name:invoke visibility:public modality:FINAL <> ($this:com.example.farmforward.appActivity.userActivity.login.LoginController.handleLogin.<no name provided>, p1:kotlinx.coroutines.CoroutineScope, p2:kotlin.coroutines.Continuation<kotlin.Unit>?) returnType:kotlin.Any?
              overridden:
                public abstract fun invoke (p1: P1 of kotlin.jvm.functions.Function2, p2: P2 of kotlin.jvm.functions.Function2): R of kotlin.jvm.functions.Function2 declared in kotlin.jvm.functions.Function2
              $this: VALUE_PARAMETER INSTANCE_RECEIVER name:<this> type:com.example.farmforward.appActivity.userActivity.login.LoginController.handleLogin.<no name provided>
              VALUE_PARAMETER name:p1 index:0 type:kotlinx.coroutines.CoroutineScope
              VALUE_PARAMETER name:p2 index:1 type:kotlin.coroutines.Continuation<kotlin.Unit>?
              BLOCK_BODY
                RETURN type=kotlin.Nothing from='public final fun invoke (p1: kotlinx.coroutines.CoroutineScope, p2: kotlin.coroutines.Continuation<kotlin.Unit>?): kotlin.Any? declared in com.example.farmforward.appActivity.userActivity.login.LoginController.handleLogin.<no name provided>'
                  CALL 'public final fun invokeSuspend ($result: kotlin.Result<kotlin.Any?>): kotlin.Any? declared in com.example.farmforward.appActivity.userActivity.login.LoginController.handleLogin.<no name provided>' type=kotlin.Any? origin=null
                    $this: TYPE_OP type=com.example.farmforward.appActivity.userActivity.login.LoginController.handleLogin.<no name provided> origin=IMPLICIT_CAST typeOperand=com.example.farmforward.appActivity.userActivity.login.LoginController.handleLogin.<no name provided>
                      CALL 'public final fun create (value: kotlin.Any?, $completion: kotlin.coroutines.Continuation<kotlin.Nothing>): kotlin.coroutines.Continuation<kotlin.Unit> declared in com.example.farmforward.appActivity.userActivity.login.LoginController.handleLogin.<no name provided>' type=kotlin.coroutines.Continuation<kotlin.Unit> origin=null
                        $this: GET_VAR '<this>: com.example.farmforward.appActivity.userActivity.login.LoginController.handleLogin.<no name provided> declared in com.example.farmforward.appActivity.userActivity.login.LoginController.handleLogin.<no name provided>.invoke' type=com.example.farmforward.appActivity.userActivity.login.LoginController.handleLogin.<no name provided> origin=null
                        value: GET_VAR 'p1: kotlinx.coroutines.CoroutineScope declared in com.example.farmforward.appActivity.userActivity.login.LoginController.handleLogin.<no name provided>.invoke' type=kotlinx.coroutines.CoroutineScope origin=null
                        $completion: GET_VAR 'p2: kotlin.coroutines.Continuation<kotlin.Unit>? declared in com.example.farmforward.appActivity.userActivity.login.LoginController.handleLogin.<no name provided>.invoke' type=kotlin.coroutines.Continuation<kotlin.Unit>? origin=null
                    $result: CALL 'public final fun <unsafe-coerce> <T, R> (v: T of kotlin.jvm.internal.<unsafe-coerce>): R of kotlin.jvm.internal.<unsafe-coerce> declared in kotlin.jvm.internal' type=kotlin.Result<kotlin.Any?> origin=null
                      <T>: kotlin.Any?
                      <R>: kotlin.Result<kotlin.Any?>
                      v: GET_FIELD 'FIELD FIELD_FOR_OBJECT_INSTANCE name:INSTANCE type:kotlin.Unit visibility:public [final,static] declared in kotlin.Unit' type=kotlin.Unit origin=null
            FIELD FIELD_FOR_CAPTURED_VALUE name:$isOfflineMode type:kotlin.Boolean visibility:public/*package*/ [final]
            FIELD FIELD_FOR_CAPTURED_VALUE name:this$0 type:com.example.farmforward.appActivity.userActivity.login.LoginController visibility:public/*package*/ [final]
            FIELD FIELD_FOR_CAPTURED_VALUE name:$identifier type:kotlin.String visibility:public/*package*/ [final]
            FIELD FIELD_FOR_CAPTURED_VALUE name:$password type:kotlin.String visibility:public/*package*/ [final]
            FUN LOCAL_FUNCTION_FOR_LAMBDA name:invokeSuspend$lambda$0 visibility:private modality:FINAL <> (this$0:com.example.farmforward.appActivity.userActivity.login.LoginController, $emailToUse:kotlin.jvm.internal.Ref.ObjectRef<kotlin.String?>, $password:kotlin.String, $localUser:kotlin.jvm.internal.Ref.ObjectRef<com.example.farmforward.database.roomDatabase.User?>, $isOfflineMode:kotlin.Boolean, authResult:@[FlexibleNullability] com.google.firebase.auth.AuthResult?) returnType:kotlin.Unit?
              VALUE_PARAMETER BOUND_VALUE_PARAMETER name:this$0 index:0 type:com.example.farmforward.appActivity.userActivity.login.LoginController
              VALUE_PARAMETER BOUND_VALUE_PARAMETER name:$emailToUse index:1 type:kotlin.jvm.internal.Ref.ObjectRef<kotlin.String?>
              VALUE_PARAMETER BOUND_VALUE_PARAMETER name:$password index:2 type:kotlin.String
              VALUE_PARAMETER BOUND_VALUE_PARAMETER name:$localUser index:3 type:kotlin.jvm.internal.Ref.ObjectRef<com.example.farmforward.database.roomDatabase.User?>
              VALUE_PARAMETER BOUND_VALUE_PARAMETER name:$isOfflineMode index:4 type:kotlin.Boolean
              VALUE_PARAMETER name:authResult index:5 type:@[FlexibleNullability] com.google.firebase.auth.AuthResult?
              BLOCK_BODY
                VAR name:firebaseUser type:com.google.firebase.auth.FirebaseUser? [val]
                  CALL 'public abstract fun getUser (): @[EnhancedNullability] com.google.firebase.auth.FirebaseUser? declared in com.google.firebase.auth.AuthResult' type=@[EnhancedNullability] com.google.firebase.auth.FirebaseUser? origin=GET_PROPERTY
                    $this: GET_VAR 'authResult: @[FlexibleNullability] com.google.firebase.auth.AuthResult? declared in com.example.farmforward.appActivity.userActivity.login.LoginController.handleLogin.<no name provided>.invokeSuspend$lambda$0' type=@[FlexibleNullability] com.google.firebase.auth.AuthResult? origin=null
                WHEN type=kotlin.Unit origin=IF
                  BRANCH
                    if: CALL 'public final fun ANDAND (arg0: kotlin.Boolean, arg1: kotlin.Boolean): kotlin.Boolean declared in kotlin.internal.ir' type=kotlin.Boolean origin=null
                      arg0: CALL 'public final fun not (): kotlin.Boolean [operator] declared in kotlin.Boolean' type=kotlin.Boolean origin=EXCLEQ
                        $this: CALL 'public final fun EQEQ (arg0: kotlin.Any?, arg1: kotlin.Any?): kotlin.Boolean declared in kotlin.internal.ir' type=kotlin.Boolean origin=EXCLEQ
                          arg0: GET_VAR 'val firebaseUser: com.google.firebase.auth.FirebaseUser? [val] declared in com.example.farmforward.appActivity.userActivity.login.LoginController.handleLogin.<no name provided>.invokeSuspend$lambda$0' type=com.google.firebase.auth.FirebaseUser? origin=null
                          arg1: CONST Null type=kotlin.Nothing? value=null
                      arg1: CALL 'public final fun not (): kotlin.Boolean [operator] declared in kotlin.Boolean' type=kotlin.Boolean origin=null
                        $this: CALL 'public abstract fun isEmailVerified (): kotlin.Boolean [fake_override] declared in com.google.firebase.auth.FirebaseUser' type=kotlin.Boolean origin=GET_PROPERTY
                          $this: GET_VAR 'val firebaseUser: com.google.firebase.auth.FirebaseUser? [val] declared in com.example.farmforward.appActivity.userActivity.login.LoginController.handleLogin.<no name provided>.invokeSuspend$lambda$0' type=com.google.firebase.auth.FirebaseUser? origin=null
                    then: BLOCK type=kotlin.Unit origin=null
                      CALL 'public open fun signOut (): kotlin.Unit declared in com.google.firebase.auth.FirebaseAuth' type=kotlin.Unit origin=null
                        $this: CALL 'public final fun access$getAuth$p ($this: com.example.farmforward.appActivity.userActivity.login.LoginController): com.google.firebase.auth.FirebaseAuth declared in com.example.farmforward.appActivity.userActivity.login.LoginController' type=com.google.firebase.auth.FirebaseAuth origin=null
                          $this: GET_VAR 'this$0: com.example.farmforward.appActivity.userActivity.login.LoginController declared in com.example.farmforward.appActivity.userActivity.login.LoginController.handleLogin.<no name provided>.invokeSuspend$lambda$0' type=com.example.farmforward.appActivity.userActivity.login.LoginController origin=null
                      COMPOSITE type=kotlin.Unit origin=null
                        CALL 'public final fun launch$default (context: kotlin.coroutines.CoroutineContext?, start: kotlinx.coroutines.CoroutineStart?, block: @[ExtensionFunctionType] kotlin.coroutines.SuspendFunction1<kotlinx.coroutines.CoroutineScope, kotlin.Unit>, $mask0: kotlin.Int, $handler: kotlin.Any?): kotlinx.coroutines.Job declared in kotlinx.coroutines.BuildersKt' type=kotlinx.coroutines.Job origin=DEFAULT_DISPATCH_CALL
                          $receiver: CALL 'public final fun access$getIoScope$p ($this: com.example.farmforward.appActivity.userActivity.login.LoginController): kotlinx.coroutines.CoroutineScope declared in com.example.farmforward.appActivity.userActivity.login.LoginController' type=kotlinx.coroutines.CoroutineScope origin=null
                            $this: GET_VAR 'this$0: com.example.farmforward.appActivity.userActivity.login.LoginController declared in com.example.farmforward.appActivity.userActivity.login.LoginController.handleLogin.<no name provided>.invokeSuspend$lambda$0' type=com.example.farmforward.appActivity.userActivity.login.LoginController origin=null
                          context: CALL 'public final fun <get-Main> (): kotlinx.coroutines.MainCoroutineDispatcher declared in kotlinx.coroutines.Dispatchers' type=kotlinx.coroutines.MainCoroutineDispatcher origin=GET_PROPERTY
                          start: COMPOSITE type=kotlinx.coroutines.CoroutineStart? origin=DEFAULT_VALUE
                            CONST Null type=kotlinx.coroutines.CoroutineStart? value=null
                          block: BLOCK type=com.example.farmforward.appActivity.userActivity.login.LoginController.handleLogin.<no name provided>.invokeSuspend$lambda$0.<no name provided> origin=null
                            CLASS SUSPEND_LAMBDA CLASS name:<no name provided> modality:FINAL visibility:public/*package*/ superTypes:[kotlin.coroutines.jvm.internal.SuspendLambda; kotlin.jvm.functions.Function2<kotlinx.coroutines.CoroutineScope, kotlin.coroutines.Continuation<kotlin.Unit>?, kotlin.Any?>]
                              $this: VALUE_PARAMETER INSTANCE_RECEIVER name:<this> type:com.example.farmforward.appActivity.userActivity.login.LoginController.handleLogin.<no name provided>.invokeSuspend$lambda$0.<no name provided>
                              FIELD name:label type:kotlin.Int visibility:public/*package*/
                              CONSTRUCTOR SUSPEND_LAMBDA visibility:public/*package*/ <> (this$0:com.example.farmforward.appActivity.userActivity.login.LoginController, $emailToUse:kotlin.jvm.internal.Ref.ObjectRef<kotlin.String?>, $password:kotlin.String, $completion:kotlin.coroutines.Continuation<com.example.farmforward.appActivity.userActivity.login.LoginController.handleLogin.<no name provided>.invokeSuspend$lambda$0.<no name provided>>?) returnType:com.example.farmforward.appActivity.userActivity.login.LoginController.handleLogin.<no name provided>.invokeSuspend$lambda$0.<no name provided> [primary]
                                VALUE_PARAMETER BOUND_RECEIVER_PARAMETER name:this$0 index:0 type:com.example.farmforward.appActivity.userActivity.login.LoginController
                                VALUE_PARAMETER BOUND_VALUE_PARAMETER name:$emailToUse index:1 type:kotlin.jvm.internal.Ref.ObjectRef<kotlin.String?>
                                VALUE_PARAMETER BOUND_VALUE_PARAMETER name:$password index:2 type:kotlin.String
                                VALUE_PARAMETER name:$completion index:3 type:kotlin.coroutines.Continuation<com.example.farmforward.appActivity.userActivity.login.LoginController.handleLogin.<no name provided>.invokeSuspend$lambda$0.<no name provided>>?
                                BLOCK_BODY
                                  SET_FIELD 'FIELD FIELD_FOR_CAPTURED_VALUE name:this$0 type:com.example.farmforward.appActivity.userActivity.login.LoginController visibility:public/*package*/ [final] declared in com.example.farmforward.appActivity.userActivity.login.LoginController.handleLogin.<no name provided>.invokeSuspend$lambda$0.<no name provided>' type=kotlin.Unit origin=INITIALIZER_OF_FIELD_FOR_CAPTURED_VALUE
                                    receiver: GET_VAR '<this>: com.example.farmforward.appActivity.userActivity.login.LoginController.handleLogin.<no name provided>.invokeSuspend$lambda$0.<no name provided> declared in com.example.farmforward.appActivity.userActivity.login.LoginController.handleLogin.<no name provided>.invokeSuspend$lambda$0.<no name provided>' type=com.example.farmforward.appActivity.userActivity.login.LoginController.handleLogin.<no name provided>.invokeSuspend$lambda$0.<no name provided> origin=null
                                    value: GET_VAR 'this$0: com.example.farmforward.appActivity.userActivity.login.LoginController declared in com.example.farmforward.appActivity.userActivity.login.LoginController.handleLogin.<no name provided>.invokeSuspend$lambda$0.<no name provided>.<init>' type=com.example.farmforward.appActivity.userActivity.login.LoginController origin=null
                                  SET_FIELD 'FIELD FIELD_FOR_CAPTURED_VALUE name:$emailToUse type:kotlin.jvm.internal.Ref.ObjectRef<kotlin.String?> visibility:public/*package*/ [final] declared in com.example.farmforward.appActivity.userActivity.login.LoginController.handleLogin.<no name provided>.invokeSuspend$lambda$0.<no name provided>' type=kotlin.Unit origin=INITIALIZER_OF_FIELD_FOR_CAPTURED_VALUE
                                    receiver: GET_VAR '<this>: com.example.farmforward.appActivity.userActivity.login.LoginController.handleLogin.<no name provided>.invokeSuspend$lambda$0.<no name provided> declared in com.example.farmforward.appActivity.userActivity.login.LoginController.handleLogin.<no name provided>.invokeSuspend$lambda$0.<no name provided>' type=com.example.farmforward.appActivity.userActivity.login.LoginController.handleLogin.<no name provided>.invokeSuspend$lambda$0.<no name provided> origin=null
                                    value: GET_VAR '$emailToUse: kotlin.jvm.internal.Ref.ObjectRef<kotlin.String?> declared in com.example.farmforward.appActivity.userActivity.login.LoginController.handleLogin.<no name provided>.invokeSuspend$lambda$0.<no name provided>.<init>' type=kotlin.jvm.internal.Ref.ObjectRef<kotlin.String?> origin=null
                                  SET_FIELD 'FIELD FIELD_FOR_CAPTURED_VALUE name:$password type:kotlin.String visibility:public/*package*/ [final] declared in com.example.farmforward.appActivity.userActivity.login.LoginController.handleLogin.<no name provided>.invokeSuspend$lambda$0.<no name provided>' type=kotlin.Unit origin=INITIALIZER_OF_FIELD_FOR_CAPTURED_VALUE
                                    receiver: GET_VAR '<this>: com.example.farmforward.appActivity.userActivity.login.LoginController.handleLogin.<no name provided>.invokeSuspend$lambda$0.<no name provided> declared in com.example.farmforward.appActivity.userActivity.login.LoginController.handleLogin.<no name provided>.invokeSuspend$lambda$0.<no name provided>' type=com.example.farmforward.appActivity.userActivity.login.LoginController.handleLogin.<no name provided>.invokeSuspend$lambda$0.<no name provided> origin=null
                                    value: GET_VAR '$password: kotlin.String declared in com.example.farmforward.appActivity.userActivity.login.LoginController.handleLogin.<no name provided>.invokeSuspend$lambda$0.<no name provided>.<init>' type=kotlin.String origin=null
                                  DELEGATING_CONSTRUCTOR_CALL 'public constructor <init> (arity: kotlin.Int, $completion: kotlin.coroutines.Continuation<kotlin.Any?>?) declared in kotlin.coroutines.jvm.internal.SuspendLambda'
                                    arity: CONST Int type=kotlin.Int value=2
                                    $completion: GET_VAR '$completion: kotlin.coroutines.Continuation<com.example.farmforward.appActivity.userActivity.login.LoginController.handleLogin.<no name provided>.invokeSuspend$lambda$0.<no name provided>>? declared in com.example.farmforward.appActivity.userActivity.login.LoginController.handleLogin.<no name provided>.invokeSuspend$lambda$0.<no name provided>.<init>' type=kotlin.coroutines.Continuation<com.example.farmforward.appActivity.userActivity.login.LoginController.handleLogin.<no name provided>.invokeSuspend$lambda$0.<no name provided>>? origin=null
                                  BLOCK type=kotlin.Unit origin=null
                              FUN name:invokeSuspend visibility:public modality:FINAL <> ($this:com.example.farmforward.appActivity.userActivity.login.LoginController.handleLogin.<no name provided>.invokeSuspend$lambda$0.<no name provided>, $result:kotlin.Result<kotlin.Any?>) returnType:kotlin.Any?
                                overridden:
                                  protected abstract fun invokeSuspend ($result: kotlin.Result<kotlin.Any?>): kotlin.Any? declared in kotlin.coroutines.jvm.internal.SuspendLambda
                                $this: VALUE_PARAMETER INSTANCE_RECEIVER name:<this> type:com.example.farmforward.appActivity.userActivity.login.LoginController.handleLogin.<no name provided>.invokeSuspend$lambda$0.<no name provided>
                                VALUE_PARAMETER name:$result index:0 type:kotlin.Result<kotlin.Any?>
                                BLOCK_BODY
                                  COMPOSITE type=kotlin.Unit origin=null
                                    BLOCK type=kotlin.Unit? origin=FOLDED_SAFE_CALL
                                      WHEN type=kotlin.Unit? origin=FOLDED_SAFE_CALL
                                        BRANCH
                                          if: COMPOSITE type=kotlin.Boolean origin=null
                                            VAR IR_TEMPORARY_VARIABLE name:tmp0_safe_receiver type:com.example.farmforward.appActivity.userActivity.login.LoginView? [val]
                                              CALL 'public final fun access$getView$p ($this: com.example.farmforward.appActivity.userActivity.login.LoginController): com.example.farmforward.appActivity.userActivity.login.LoginView? declared in com.example.farmforward.appActivity.userActivity.login.LoginController' type=com.example.farmforward.appActivity.userActivity.login.LoginView? origin=null
                                                $this: GET_FIELD 'FIELD FIELD_FOR_CAPTURED_VALUE name:this$0 type:com.example.farmforward.appActivity.userActivity.login.LoginController visibility:public/*package*/ [final] declared in com.example.farmforward.appActivity.userActivity.login.LoginController.handleLogin.<no name provided>.invokeSuspend$lambda$0.<no name provided>' type=com.example.farmforward.appActivity.userActivity.login.LoginController origin=null
                                                  receiver: GET_VAR '<this>: com.example.farmforward.appActivity.userActivity.login.LoginController.handleLogin.<no name provided>.invokeSuspend$lambda$0.<no name provided> declared in com.example.farmforward.appActivity.userActivity.login.LoginController.handleLogin.<no name provided>.invokeSuspend$lambda$0.<no name provided>.invokeSuspend' type=com.example.farmforward.appActivity.userActivity.login.LoginController.handleLogin.<no name provided>.invokeSuspend$lambda$0.<no name provided> origin=null
                                            CALL 'public final fun not (): kotlin.Boolean [operator] declared in kotlin.Boolean' type=kotlin.Boolean origin=null
                                              $this: CALL 'public final fun EQEQ (arg0: kotlin.Any?, arg1: kotlin.Any?): kotlin.Boolean declared in kotlin.internal.ir' type=kotlin.Boolean origin=null
                                                arg0: GET_VAR 'val tmp0_safe_receiver: com.example.farmforward.appActivity.userActivity.login.LoginView? [val] declared in com.example.farmforward.appActivity.userActivity.login.LoginController.handleLogin.<no name provided>.invokeSuspend$lambda$0.<no name provided>.invokeSuspend' type=com.example.farmforward.appActivity.userActivity.login.LoginView? origin=null
                                                arg1: CONST Null type=kotlin.Nothing? value=null
                                          then: CALL 'public abstract fun showUnverifiedAccountDialog (email: kotlin.String, password: kotlin.String): kotlin.Unit declared in com.example.farmforward.appActivity.userActivity.login.LoginView' type=kotlin.Unit origin=null
                                            $this: GET_VAR 'val tmp0_safe_receiver: com.example.farmforward.appActivity.userActivity.login.LoginView? [val] declared in com.example.farmforward.appActivity.userActivity.login.LoginController.handleLogin.<no name provided>.invokeSuspend$lambda$0.<no name provided>.invokeSuspend' type=com.example.farmforward.appActivity.userActivity.login.LoginView? origin=null
                                            email: CALL 'public final fun CHECK_NOT_NULL <T0> (arg0: T0 of kotlin.internal.ir.CHECK_NOT_NULL?): {T0 of kotlin.internal.ir.CHECK_NOT_NULL & Any} declared in kotlin.internal.ir' type=kotlin.String origin=EXCLEXCL
                                              <T0>: kotlin.String
                                              arg0: GET_FIELD 'FIELD IR_BUILTINS_STUB name:element type:T of kotlin.jvm.internal.Ref.ObjectRef visibility:public declared in kotlin.jvm.internal.Ref.ObjectRef' type=kotlin.String? origin=null
                                                receiver: GET_FIELD 'FIELD FIELD_FOR_CAPTURED_VALUE name:$emailToUse type:kotlin.jvm.internal.Ref.ObjectRef<kotlin.String?> visibility:public/*package*/ [final] declared in com.example.farmforward.appActivity.userActivity.login.LoginController.handleLogin.<no name provided>.invokeSuspend$lambda$0.<no name provided>' type=kotlin.jvm.internal.Ref.ObjectRef<kotlin.String?> origin=null
                                                  receiver: GET_VAR '<this>: com.example.farmforward.appActivity.userActivity.login.LoginController.handleLogin.<no name provided>.invokeSuspend$lambda$0.<no name provided> declared in com.example.farmforward.appActivity.userActivity.login.LoginController.handleLogin.<no name provided>.invokeSuspend$lambda$0.<no name provided>.invokeSuspend' type=com.example.farmforward.appActivity.userActivity.login.LoginController.handleLogin.<no name provided>.invokeSuspend$lambda$0.<no name provided> origin=null
                                            password: GET_FIELD 'FIELD FIELD_FOR_CAPTURED_VALUE name:$password type:kotlin.String visibility:public/*package*/ [final] declared in com.example.farmforward.appActivity.userActivity.login.LoginController.handleLogin.<no name provided>.invokeSuspend$lambda$0.<no name provided>' type=kotlin.String origin=null
                                              receiver: GET_VAR '<this>: com.example.farmforward.appActivity.userActivity.login.LoginController.handleLogin.<no name provided>.invokeSuspend$lambda$0.<no name provided> declared in com.example.farmforward.appActivity.userActivity.login.LoginController.handleLogin.<no name provided>.invokeSuspend$lambda$0.<no name provided>.invokeSuspend' type=com.example.farmforward.appActivity.userActivity.login.LoginController.handleLogin.<no name provided>.invokeSuspend$lambda$0.<no name provided> origin=null
                                        BRANCH
                                          if: CONST Boolean type=kotlin.Boolean value=true
                                          then: CONST Null type=kotlin.Nothing? value=null
                              FUN name:create visibility:public modality:FINAL <> ($this:com.example.farmforward.appActivity.userActivity.login.LoginController.handleLogin.<no name provided>.invokeSuspend$lambda$0.<no name provided>, value:kotlin.Any?, $completion:kotlin.coroutines.Continuation<kotlin.Nothing>) returnType:kotlin.coroutines.Continuation<kotlin.Unit>
                                overridden:
                                  public open fun create (value: kotlin.Any?, $completion: kotlin.coroutines.Continuation<kotlin.Nothing>): kotlin.coroutines.Continuation<kotlin.Unit> declared in kotlin.coroutines.jvm.internal.SuspendLambda
                                $this: VALUE_PARAMETER INSTANCE_RECEIVER name:<this> type:com.example.farmforward.appActivity.userActivity.login.LoginController.handleLogin.<no name provided>.invokeSuspend$lambda$0.<no name provided>
                                VALUE_PARAMETER name:value index:0 type:kotlin.Any?
                                VALUE_PARAMETER name:$completion index:1 type:kotlin.coroutines.Continuation<kotlin.Nothing>
                                BLOCK_BODY
                                  RETURN type=kotlin.Nothing from='public final fun create (value: kotlin.Any?, $completion: kotlin.coroutines.Continuation<kotlin.Nothing>): kotlin.coroutines.Continuation<kotlin.Unit> declared in com.example.farmforward.appActivity.userActivity.login.LoginController.handleLogin.<no name provided>.invokeSuspend$lambda$0.<no name provided>'
                                    CONSTRUCTOR_CALL 'public/*package*/ constructor <init> (this$0: com.example.farmforward.appActivity.userActivity.login.LoginController, $emailToUse: kotlin.jvm.internal.Ref.ObjectRef<kotlin.String?>, $password: kotlin.String, $completion: kotlin.coroutines.Continuation<com.example.farmforward.appActivity.userActivity.login.LoginController.handleLogin.<no name provided>.invokeSuspend$lambda$0.<no name provided>>?) [primary] declared in com.example.farmforward.appActivity.userActivity.login.LoginController.handleLogin.<no name provided>.invokeSuspend$lambda$0.<no name provided>' type=com.example.farmforward.appActivity.userActivity.login.LoginController.handleLogin.<no name provided>.invokeSuspend$lambda$0.<no name provided> origin=null
                                      this$0: GET_FIELD 'FIELD FIELD_FOR_CAPTURED_VALUE name:this$0 type:com.example.farmforward.appActivity.userActivity.login.LoginController visibility:public/*package*/ [final] declared in com.example.farmforward.appActivity.userActivity.login.LoginController.handleLogin.<no name provided>.invokeSuspend$lambda$0.<no name provided>' type=com.example.farmforward.appActivity.userActivity.login.LoginController origin=null
                                        receiver: GET_VAR '<this>: com.example.farmforward.appActivity.userActivity.login.LoginController.handleLogin.<no name provided>.invokeSuspend$lambda$0.<no name provided> declared in com.example.farmforward.appActivity.userActivity.login.LoginController.handleLogin.<no name provided>.invokeSuspend$lambda$0.<no name provided>.create' type=com.example.farmforward.appActivity.userActivity.login.LoginController.handleLogin.<no name provided>.invokeSuspend$lambda$0.<no name provided> origin=null
                                      $emailToUse: GET_FIELD 'FIELD FIELD_FOR_CAPTURED_VALUE name:$emailToUse type:kotlin.jvm.internal.Ref.ObjectRef<kotlin.String?> visibility:public/*package*/ [final] declared in com.example.farmforward.appActivity.userActivity.login.LoginController.handleLogin.<no name provided>.invokeSuspend$lambda$0.<no name provided>' type=kotlin.jvm.internal.Ref.ObjectRef<kotlin.String?> origin=null
                                        receiver: GET_VAR '<this>: com.example.farmforward.appActivity.userActivity.login.LoginController.handleLogin.<no name provided>.invokeSuspend$lambda$0.<no name provided> declared in com.example.farmforward.appActivity.userActivity.login.LoginController.handleLogin.<no name provided>.invokeSuspend$lambda$0.<no name provided>.create' type=com.example.farmforward.appActivity.userActivity.login.LoginController.handleLogin.<no name provided>.invokeSuspend$lambda$0.<no name provided> origin=null
                                      $password: GET_FIELD 'FIELD FIELD_FOR_CAPTURED_VALUE name:$password type:kotlin.String visibility:public/*package*/ [final] declared in com.example.farmforward.appActivity.userActivity.login.LoginController.handleLogin.<no name provided>.invokeSuspend$lambda$0.<no name provided>' type=kotlin.String origin=null
                                        receiver: GET_VAR '<this>: com.example.farmforward.appActivity.userActivity.login.LoginController.handleLogin.<no name provided>.invokeSuspend$lambda$0.<no name provided> declared in com.example.farmforward.appActivity.userActivity.login.LoginController.handleLogin.<no name provided>.invokeSuspend$lambda$0.<no name provided>.create' type=com.example.farmforward.appActivity.userActivity.login.LoginController.handleLogin.<no name provided>.invokeSuspend$lambda$0.<no name provided> origin=null
                                      $completion: GET_VAR '$completion: kotlin.coroutines.Continuation<kotlin.Nothing> declared in com.example.farmforward.appActivity.userActivity.login.LoginController.handleLogin.<no name provided>.invokeSuspend$lambda$0.<no name provided>.create' type=kotlin.coroutines.Continuation<kotlin.Nothing> origin=null
                              FUN name:invoke visibility:public modality:FINAL <> ($this:com.example.farmforward.appActivity.userActivity.login.LoginController.handleLogin.<no name provided>.invokeSuspend$lambda$0.<no name provided>, p1:kotlinx.coroutines.CoroutineScope, p2:kotlin.coroutines.Continuation<kotlin.Unit>?) returnType:kotlin.Any?
                                overridden:
                                  public abstract fun invoke (p1: P1 of kotlin.jvm.functions.Function2, p2: P2 of kotlin.jvm.functions.Function2): R of kotlin.jvm.functions.Function2 declared in kotlin.jvm.functions.Function2
                                $this: VALUE_PARAMETER INSTANCE_RECEIVER name:<this> type:com.example.farmforward.appActivity.userActivity.login.LoginController.handleLogin.<no name provided>.invokeSuspend$lambda$0.<no name provided>
                                VALUE_PARAMETER name:p1 index:0 type:kotlinx.coroutines.CoroutineScope
                                VALUE_PARAMETER name:p2 index:1 type:kotlin.coroutines.Continuation<kotlin.Unit>?
                                BLOCK_BODY
                                  RETURN type=kotlin.Nothing from='public final fun invoke (p1: kotlinx.coroutines.CoroutineScope, p2: kotlin.coroutines.Continuation<kotlin.Unit>?): kotlin.Any? declared in com.example.farmforward.appActivity.userActivity.login.LoginController.handleLogin.<no name provided>.invokeSuspend$lambda$0.<no name provided>'
                                    CALL 'public final fun invokeSuspend ($result: kotlin.Result<kotlin.Any?>): kotlin.Any? declared in com.example.farmforward.appActivity.userActivity.login.LoginController.handleLogin.<no name provided>.invokeSuspend$lambda$0.<no name provided>' type=kotlin.Any? origin=null
                                      $this: TYPE_OP type=com.example.farmforward.appActivity.userActivity.login.LoginController.handleLogin.<no name provided>.invokeSuspend$lambda$0.<no name provided> origin=IMPLICIT_CAST typeOperand=com.example.farmforward.appActivity.userActivity.login.LoginController.handleLogin.<no name provided>.invokeSuspend$lambda$0.<no name provided>
                                        CALL 'public final fun create (value: kotlin.Any?, $completion: kotlin.coroutines.Continuation<kotlin.Nothing>): kotlin.coroutines.Continuation<kotlin.Unit> declared in com.example.farmforward.appActivity.userActivity.login.LoginController.handleLogin.<no name provided>.invokeSuspend$lambda$0.<no name provided>' type=kotlin.coroutines.Continuation<kotlin.Unit> origin=null
                                          $this: GET_VAR '<this>: com.example.farmforward.appActivity.userActivity.login.LoginController.handleLogin.<no name provided>.invokeSuspend$lambda$0.<no name provided> declared in com.example.farmforward.appActivity.userActivity.login.LoginController.handleLogin.<no name provided>.invokeSuspend$lambda$0.<no name provided>.invoke' type=com.example.farmforward.appActivity.userActivity.login.LoginController.handleLogin.<no name provided>.invokeSuspend$lambda$0.<no name provided> origin=null
                                          value: GET_VAR 'p1: kotlinx.coroutines.CoroutineScope declared in com.example.farmforward.appActivity.userActivity.login.LoginController.handleLogin.<no name provided>.invokeSuspend$lambda$0.<no name provided>.invoke' type=kotlinx.coroutines.CoroutineScope origin=null
                                          $completion: GET_VAR 'p2: kotlin.coroutines.Continuation<kotlin.Unit>? declared in com.example.farmforward.appActivity.userActivity.login.LoginController.handleLogin.<no name provided>.invokeSuspend$lambda$0.<no name provided>.invoke' type=kotlin.coroutines.Continuation<kotlin.Unit>? origin=null
                                      $result: CALL 'public final fun <unsafe-coerce> <T, R> (v: T of kotlin.jvm.internal.<unsafe-coerce>): R of kotlin.jvm.internal.<unsafe-coerce> declared in kotlin.jvm.internal' type=kotlin.Result<kotlin.Any?> origin=null
                                        <T>: kotlin.Any?
                                        <R>: kotlin.Result<kotlin.Any?>
                                        v: GET_FIELD 'FIELD FIELD_FOR_OBJECT_INSTANCE name:INSTANCE type:kotlin.Unit visibility:public [final,static] declared in kotlin.Unit' type=kotlin.Unit origin=null
                              FIELD FIELD_FOR_CAPTURED_VALUE name:this$0 type:com.example.farmforward.appActivity.userActivity.login.LoginController visibility:public/*package*/ [final]
                              FIELD FIELD_FOR_CAPTURED_VALUE name:$emailToUse type:kotlin.jvm.internal.Ref.ObjectRef<kotlin.String?> visibility:public/*package*/ [final]
                              FIELD FIELD_FOR_CAPTURED_VALUE name:$password type:kotlin.String visibility:public/*package*/ [final]
                              FUN BRIDGE name:invoke visibility:public modality:OPEN <> ($this:com.example.farmforward.appActivity.userActivity.login.LoginController.handleLogin.<no name provided>.invokeSuspend$lambda$0.<no name provided>, p1:kotlin.Any?, p2:kotlin.Any?) returnType:kotlin.Any?
                                $this: VALUE_PARAMETER INSTANCE_RECEIVER name:<this> type:com.example.farmforward.appActivity.userActivity.login.LoginController.handleLogin.<no name provided>.invokeSuspend$lambda$0.<no name provided>
                                VALUE_PARAMETER BRIDGE name:p1 index:0 type:kotlin.Any?
                                VALUE_PARAMETER BRIDGE name:p2 index:1 type:kotlin.Any?
                                EXPRESSION_BODY
                                  RETURN type=kotlin.Nothing from='public open fun invoke (p1: kotlin.Any?, p2: kotlin.Any?): kotlin.Any? declared in com.example.farmforward.appActivity.userActivity.login.LoginController.handleLogin.<no name provided>.invokeSuspend$lambda$0.<no name provided>'
                                    CALL 'public final fun invoke (p1: kotlinx.coroutines.CoroutineScope, p2: kotlin.coroutines.Continuation<kotlin.Unit>?): kotlin.Any? declared in com.example.farmforward.appActivity.userActivity.login.LoginController.handleLogin.<no name provided>.invokeSuspend$lambda$0.<no name provided>' type=kotlin.Any? origin=BRIDGE_DELEGATION
                                      $this: GET_VAR '<this>: com.example.farmforward.appActivity.userActivity.login.LoginController.handleLogin.<no name provided>.invokeSuspend$lambda$0.<no name provided> declared in com.example.farmforward.appActivity.userActivity.login.LoginController.handleLogin.<no name provided>.invokeSuspend$lambda$0.<no name provided>.invoke' type=com.example.farmforward.appActivity.userActivity.login.LoginController.handleLogin.<no name provided>.invokeSuspend$lambda$0.<no name provided> origin=null
                                      p1: TYPE_OP type=kotlinx.coroutines.CoroutineScope origin=IMPLICIT_CAST typeOperand=kotlinx.coroutines.CoroutineScope
                                        GET_VAR 'p1: kotlin.Any? declared in com.example.farmforward.appActivity.userActivity.login.LoginController.handleLogin.<no name provided>.invokeSuspend$lambda$0.<no name provided>.invoke' type=kotlin.Any? origin=null
                                      p2: TYPE_OP type=kotlin.coroutines.Continuation<*> origin=IMPLICIT_CAST typeOperand=kotlin.coroutines.Continuation<*>
                                        GET_VAR 'p2: kotlin.Any? declared in com.example.farmforward.appActivity.userActivity.login.LoginController.handleLogin.<no name provided>.invokeSuspend$lambda$0.<no name provided>.invoke' type=kotlin.Any? origin=null
                            CONSTRUCTOR_CALL 'public/*package*/ constructor <init> (this$0: com.example.farmforward.appActivity.userActivity.login.LoginController, $emailToUse: kotlin.jvm.internal.Ref.ObjectRef<kotlin.String?>, $password: kotlin.String, $completion: kotlin.coroutines.Continuation<com.example.farmforward.appActivity.userActivity.login.LoginController.handleLogin.<no name provided>.invokeSuspend$lambda$0.<no name provided>>?) [primary] declared in com.example.farmforward.appActivity.userActivity.login.LoginController.handleLogin.<no name provided>.invokeSuspend$lambda$0.<no name provided>' type=com.example.farmforward.appActivity.userActivity.login.LoginController.handleLogin.<no name provided>.invokeSuspend$lambda$0.<no name provided> origin=null
                              this$0: GET_VAR 'this$0: com.example.farmforward.appActivity.userActivity.login.LoginController declared in com.example.farmforward.appActivity.userActivity.login.LoginController.handleLogin.<no name provided>.invokeSuspend$lambda$0' type=com.example.farmforward.appActivity.userActivity.login.LoginController origin=null
                              $emailToUse: GET_VAR '$emailToUse: kotlin.jvm.internal.Ref.ObjectRef<kotlin.String?> declared in com.example.farmforward.appActivity.userActivity.login.LoginController.handleLogin.<no name provided>.invokeSuspend$lambda$0' type=kotlin.jvm.internal.Ref.ObjectRef<kotlin.String?> origin=null
                              $password: GET_VAR '$password: kotlin.String declared in com.example.farmforward.appActivity.userActivity.login.LoginController.handleLogin.<no name provided>.invokeSuspend$lambda$0' type=kotlin.String origin=null
                              $completion: CONST Null type=kotlin.Nothing? value=null
                          $mask0: CONST Int type=kotlin.Int value=2
                          $handler: CONST Null type=kotlin.Any? value=null
                        COMPOSITE type=kotlin.Unit origin=null
                      RETURN type=kotlin.Nothing from='private final fun invokeSuspend$lambda$0 (this$0: com.example.farmforward.appActivity.userActivity.login.LoginController, $emailToUse: kotlin.jvm.internal.Ref.ObjectRef<kotlin.String?>, $password: kotlin.String, $localUser: kotlin.jvm.internal.Ref.ObjectRef<com.example.farmforward.database.roomDatabase.User?>, $isOfflineMode: kotlin.Boolean, authResult: @[FlexibleNullability] com.google.firebase.auth.AuthResult?): kotlin.Unit? declared in com.example.farmforward.appActivity.userActivity.login.LoginController.handleLogin.<no name provided>'
                        GET_FIELD 'FIELD FIELD_FOR_OBJECT_INSTANCE name:INSTANCE type:kotlin.Unit visibility:public [final,static] declared in kotlin.Unit' type=kotlin.Unit origin=null
                COMPOSITE type=kotlin.Unit origin=null
                  CALL 'public final fun launch$default (context: kotlin.coroutines.CoroutineContext?, start: kotlinx.coroutines.CoroutineStart?, block: @[ExtensionFunctionType] kotlin.coroutines.SuspendFunction1<kotlinx.coroutines.CoroutineScope, kotlin.Unit>, $mask0: kotlin.Int, $handler: kotlin.Any?): kotlinx.coroutines.Job declared in kotlinx.coroutines.BuildersKt' type=kotlinx.coroutines.Job origin=DEFAULT_DISPATCH_CALL
                    $receiver: CALL 'public final fun access$getIoScope$p ($this: com.example.farmforward.appActivity.userActivity.login.LoginController): kotlinx.coroutines.CoroutineScope declared in com.example.farmforward.appActivity.userActivity.login.LoginController' type=kotlinx.coroutines.CoroutineScope origin=null
                      $this: GET_VAR 'this$0: com.example.farmforward.appActivity.userActivity.login.LoginController declared in com.example.farmforward.appActivity.userActivity.login.LoginController.handleLogin.<no name provided>.invokeSuspend$lambda$0' type=com.example.farmforward.appActivity.userActivity.login.LoginController origin=null
                    context: COMPOSITE type=kotlin.coroutines.CoroutineContext? origin=DEFAULT_VALUE
                      CONST Null type=kotlin.coroutines.CoroutineContext? value=null
                    start: COMPOSITE type=kotlinx.coroutines.CoroutineStart? origin=DEFAULT_VALUE
                      CONST Null type=kotlinx.coroutines.CoroutineStart? value=null
                    block: BLOCK type=com.example.farmforward.appActivity.userActivity.login.LoginController.handleLogin.<no name provided>.invokeSuspend$lambda$0.<no name provided> origin=null
                      CLASS SUSPEND_LAMBDA CLASS name:<no name provided> modality:FINAL visibility:public/*package*/ superTypes:[kotlin.coroutines.jvm.internal.SuspendLambda; kotlin.jvm.functions.Function2<kotlinx.coroutines.CoroutineScope, kotlin.coroutines.Continuation<kotlin.Unit>?, kotlin.Any?>]
                        $this: VALUE_PARAMETER INSTANCE_RECEIVER name:<this> type:com.example.farmforward.appActivity.userActivity.login.LoginController.handleLogin.<no name provided>.invokeSuspend$lambda$0.<no name provided>
                        FIELD name:label type:kotlin.Int visibility:public/*package*/
                        CONSTRUCTOR SUSPEND_LAMBDA visibility:public/*package*/ <> ($localUser:kotlin.jvm.internal.Ref.ObjectRef<com.example.farmforward.database.roomDatabase.User?>, $firebaseUser:com.google.firebase.auth.FirebaseUser?, $emailToUse:kotlin.jvm.internal.Ref.ObjectRef<kotlin.String?>, $password:kotlin.String, this$0:com.example.farmforward.appActivity.userActivity.login.LoginController, $isOfflineMode:kotlin.Boolean, $completion:kotlin.coroutines.Continuation<com.example.farmforward.appActivity.userActivity.login.LoginController.handleLogin.<no name provided>.invokeSuspend$lambda$0.<no name provided>>?) returnType:com.example.farmforward.appActivity.userActivity.login.LoginController.handleLogin.<no name provided>.invokeSuspend$lambda$0.<no name provided> [primary]
                          VALUE_PARAMETER BOUND_VALUE_PARAMETER name:$localUser index:0 type:kotlin.jvm.internal.Ref.ObjectRef<com.example.farmforward.database.roomDatabase.User?>
                          VALUE_PARAMETER BOUND_VALUE_PARAMETER name:$firebaseUser index:1 type:com.google.firebase.auth.FirebaseUser?
                          VALUE_PARAMETER BOUND_VALUE_PARAMETER name:$emailToUse index:2 type:kotlin.jvm.internal.Ref.ObjectRef<kotlin.String?>
                          VALUE_PARAMETER BOUND_VALUE_PARAMETER name:$password index:3 type:kotlin.String
                          VALUE_PARAMETER BOUND_RECEIVER_PARAMETER name:this$0 index:4 type:com.example.farmforward.appActivity.userActivity.login.LoginController
                          VALUE_PARAMETER BOUND_VALUE_PARAMETER name:$isOfflineMode index:5 type:kotlin.Boolean
                          VALUE_PARAMETER name:$completion index:6 type:kotlin.coroutines.Continuation<com.example.farmforward.appActivity.userActivity.login.LoginController.handleLogin.<no name provided>.invokeSuspend$lambda$0.<no name provided>>?
                          BLOCK_BODY
                            SET_FIELD 'FIELD FIELD_FOR_CAPTURED_VALUE name:$localUser type:kotlin.jvm.internal.Ref.ObjectRef<com.example.farmforward.database.roomDatabase.User?> visibility:public/*package*/ [final] declared in com.example.farmforward.appActivity.userActivity.login.LoginController.handleLogin.<no name provided>.invokeSuspend$lambda$0.<no name provided>' type=kotlin.Unit origin=INITIALIZER_OF_FIELD_FOR_CAPTURED_VALUE
                              receiver: GET_VAR '<this>: com.example.farmforward.appActivity.userActivity.login.LoginController.handleLogin.<no name provided>.invokeSuspend$lambda$0.<no name provided> declared in com.example.farmforward.appActivity.userActivity.login.LoginController.handleLogin.<no name provided>.invokeSuspend$lambda$0.<no name provided>' type=com.example.farmforward.appActivity.userActivity.login.LoginController.handleLogin.<no name provided>.invokeSuspend$lambda$0.<no name provided> origin=null
                              value: GET_VAR '$localUser: kotlin.jvm.internal.Ref.ObjectRef<com.example.farmforward.database.roomDatabase.User?> declared in com.example.farmforward.appActivity.userActivity.login.LoginController.handleLogin.<no name provided>.invokeSuspend$lambda$0.<no name provided>.<init>' type=kotlin.jvm.internal.Ref.ObjectRef<com.example.farmforward.database.roomDatabase.User?> origin=null
                            SET_FIELD 'FIELD FIELD_FOR_CAPTURED_VALUE name:$firebaseUser type:com.google.firebase.auth.FirebaseUser? visibility:public/*package*/ [final] declared in com.example.farmforward.appActivity.userActivity.login.LoginController.handleLogin.<no name provided>.invokeSuspend$lambda$0.<no name provided>' type=kotlin.Unit origin=INITIALIZER_OF_FIELD_FOR_CAPTURED_VALUE
                              receiver: GET_VAR '<this>: com.example.farmforward.appActivity.userActivity.login.LoginController.handleLogin.<no name provided>.invokeSuspend$lambda$0.<no name provided> declared in com.example.farmforward.appActivity.userActivity.login.LoginController.handleLogin.<no name provided>.invokeSuspend$lambda$0.<no name provided>' type=com.example.farmforward.appActivity.userActivity.login.LoginController.handleLogin.<no name provided>.invokeSuspend$lambda$0.<no name provided> origin=null
                              value: GET_VAR '$firebaseUser: com.google.firebase.auth.FirebaseUser? declared in com.example.farmforward.appActivity.userActivity.login.LoginController.handleLogin.<no name provided>.invokeSuspend$lambda$0.<no name provided>.<init>' type=com.google.firebase.auth.FirebaseUser? origin=null
                            SET_FIELD 'FIELD FIELD_FOR_CAPTURED_VALUE name:$emailToUse type:kotlin.jvm.internal.Ref.ObjectRef<kotlin.String?> visibility:public/*package*/ [final] declared in com.example.farmforward.appActivity.userActivity.login.LoginController.handleLogin.<no name provided>.invokeSuspend$lambda$0.<no name provided>' type=kotlin.Unit origin=INITIALIZER_OF_FIELD_FOR_CAPTURED_VALUE
                              receiver: GET_VAR '<this>: com.example.farmforward.appActivity.userActivity.login.LoginController.handleLogin.<no name provided>.invokeSuspend$lambda$0.<no name provided> declared in com.example.farmforward.appActivity.userActivity.login.LoginController.handleLogin.<no name provided>.invokeSuspend$lambda$0.<no name provided>' type=com.example.farmforward.appActivity.userActivity.login.LoginController.handleLogin.<no name provided>.invokeSuspend$lambda$0.<no name provided> origin=null
                              value: GET_VAR '$emailToUse: kotlin.jvm.internal.Ref.ObjectRef<kotlin.String?> declared in com.example.farmforward.appActivity.userActivity.login.LoginController.handleLogin.<no name provided>.invokeSuspend$lambda$0.<no name provided>.<init>' type=kotlin.jvm.internal.Ref.ObjectRef<kotlin.String?> origin=null
                            SET_FIELD 'FIELD FIELD_FOR_CAPTURED_VALUE name:$password type:kotlin.String visibility:public/*package*/ [final] declared in com.example.farmforward.appActivity.userActivity.login.LoginController.handleLogin.<no name provided>.invokeSuspend$lambda$0.<no name provided>' type=kotlin.Unit origin=INITIALIZER_OF_FIELD_FOR_CAPTURED_VALUE
                              receiver: GET_VAR '<this>: com.example.farmforward.appActivity.userActivity.login.LoginController.handleLogin.<no name provided>.invokeSuspend$lambda$0.<no name provided> declared in com.example.farmforward.appActivity.userActivity.login.LoginController.handleLogin.<no name provided>.invokeSuspend$lambda$0.<no name provided>' type=com.example.farmforward.appActivity.userActivity.login.LoginController.handleLogin.<no name provided>.invokeSuspend$lambda$0.<no name provided> origin=null
                              value: GET_VAR '$password: kotlin.String declared in com.example.farmforward.appActivity.userActivity.login.LoginController.handleLogin.<no name provided>.invokeSuspend$lambda$0.<no name provided>.<init>' type=kotlin.String origin=null
                            SET_FIELD 'FIELD FIELD_FOR_CAPTURED_VALUE name:this$0 type:com.example.farmforward.appActivity.userActivity.login.LoginController visibility:public/*package*/ [final] declared in com.example.farmforward.appActivity.userActivity.login.LoginController.handleLogin.<no name provided>.invokeSuspend$lambda$0.<no name provided>' type=kotlin.Unit origin=INITIALIZER_OF_FIELD_FOR_CAPTURED_VALUE
                              receiver: GET_VAR '<this>: com.example.farmforward.appActivity.userActivity.login.LoginController.handleLogin.<no name provided>.invokeSuspend$lambda$0.<no name provided> declared in com.example.farmforward.appActivity.userActivity.login.LoginController.handleLogin.<no name provided>.invokeSuspend$lambda$0.<no name provided>' type=com.example.farmforward.appActivity.userActivity.login.LoginController.handleLogin.<no name provided>.invokeSuspend$lambda$0.<no name provided> origin=null
                              value: GET_VAR 'this$0: com.example.farmforward.appActivity.userActivity.login.LoginController declared in com.example.farmforward.appActivity.userActivity.login.LoginController.handleLogin.<no name provided>.invokeSuspend$lambda$0.<no name provided>.<init>' type=com.example.farmforward.appActivity.userActivity.login.LoginController origin=null
                            SET_FIELD 'FIELD FIELD_FOR_CAPTURED_VALUE name:$isOfflineMode type:kotlin.Boolean visibility:public/*package*/ [final] declared in com.example.farmforward.appActivity.userActivity.login.LoginController.handleLogin.<no name provided>.invokeSuspend$lambda$0.<no name provided>' type=kotlin.Unit origin=INITIALIZER_OF_FIELD_FOR_CAPTURED_VALUE
                              receiver: GET_VAR '<this>: com.example.farmforward.appActivity.userActivity.login.LoginController.handleLogin.<no name provided>.invokeSuspend$lambda$0.<no name provided> declared in com.example.farmforward.appActivity.userActivity.login.LoginController.handleLogin.<no name provided>.invokeSuspend$lambda$0.<no name provided>' type=com.example.farmforward.appActivity.userActivity.login.LoginController.handleLogin.<no name provided>.invokeSuspend$lambda$0.<no name provided> origin=null
                              value: GET_VAR '$isOfflineMode: kotlin.Boolean declared in com.example.farmforward.appActivity.userActivity.login.LoginController.handleLogin.<no name provided>.invokeSuspend$lambda$0.<no name provided>.<init>' type=kotlin.Boolean origin=null
                            DELEGATING_CONSTRUCTOR_CALL 'public constructor <init> (arity: kotlin.Int, $completion: kotlin.coroutines.Continuation<kotlin.Any?>?) declared in kotlin.coroutines.jvm.internal.SuspendLambda'
                              arity: CONST Int type=kotlin.Int value=2
                              $completion: GET_VAR '$completion: kotlin.coroutines.Continuation<com.example.farmforward.appActivity.userActivity.login.LoginController.handleLogin.<no name provided>.invokeSuspend$lambda$0.<no name provided>>? declared in com.example.farmforward.appActivity.userActivity.login.LoginController.handleLogin.<no name provided>.invokeSuspend$lambda$0.<no name provided>.<init>' type=kotlin.coroutines.Continuation<com.example.farmforward.appActivity.userActivity.login.LoginController.handleLogin.<no name provided>.invokeSuspend$lambda$0.<no name provided>>? origin=null
                            BLOCK type=kotlin.Unit origin=null
                        FUN name:invokeSuspend visibility:public modality:FINAL <> ($this:com.example.farmforward.appActivity.userActivity.login.LoginController.handleLogin.<no name provided>.invokeSuspend$lambda$0.<no name provided>, $result:kotlin.Result<kotlin.Any?>) returnType:kotlin.Any?
                          overridden:
                            protected abstract fun invokeSuspend ($result: kotlin.Result<kotlin.Any?>): kotlin.Any? declared in kotlin.coroutines.jvm.internal.SuspendLambda
                          $this: VALUE_PARAMETER INSTANCE_RECEIVER name:<this> type:com.example.farmforward.appActivity.userActivity.login.LoginController.handleLogin.<no name provided>.invokeSuspend$lambda$0.<no name provided>
                          VALUE_PARAMETER name:$result index:0 type:kotlin.Result<kotlin.Any?>
                          BLOCK_BODY
                            WHEN type=kotlin.Unit origin=IF
                              BRANCH
                                if: CALL 'public final fun EQEQ (arg0: kotlin.Any?, arg1: kotlin.Any?): kotlin.Boolean declared in kotlin.internal.ir' type=kotlin.Boolean origin=EQEQ
                                  arg0: GET_FIELD 'FIELD IR_BUILTINS_STUB name:element type:T of kotlin.jvm.internal.Ref.ObjectRef visibility:public declared in kotlin.jvm.internal.Ref.ObjectRef' type=com.example.farmforward.database.roomDatabase.User? origin=null
                                    receiver: GET_FIELD 'FIELD FIELD_FOR_CAPTURED_VALUE name:$localUser type:kotlin.jvm.internal.Ref.ObjectRef<com.example.farmforward.database.roomDatabase.User?> visibility:public/*package*/ [final] declared in com.example.farmforward.appActivity.userActivity.login.LoginController.handleLogin.<no name provided>.invokeSuspend$lambda$0.<no name provided>' type=kotlin.jvm.internal.Ref.ObjectRef<com.example.farmforward.database.roomDatabase.User?> origin=null
                                      receiver: GET_VAR '<this>: com.example.farmforward.appActivity.userActivity.login.LoginController.handleLogin.<no name provided>.invokeSuspend$lambda$0.<no name provided> declared in com.example.farmforward.appActivity.userActivity.login.LoginController.handleLogin.<no name provided>.invokeSuspend$lambda$0.<no name provided>.invokeSuspend' type=com.example.farmforward.appActivity.userActivity.login.LoginController.handleLogin.<no name provided>.invokeSuspend$lambda$0.<no name provided> origin=null
                                  arg1: CONST Null type=kotlin.Nothing? value=null
                                then: BLOCK type=kotlin.Unit origin=null
                                  WHEN type=kotlin.Unit origin=IF
                                    BRANCH
                                      if: CALL 'public final fun not (): kotlin.Boolean [operator] declared in kotlin.Boolean' type=kotlin.Boolean origin=EXCLEQ
                                        $this: CALL 'public final fun EQEQ (arg0: kotlin.Any?, arg1: kotlin.Any?): kotlin.Boolean declared in kotlin.internal.ir' type=kotlin.Boolean origin=EXCLEQ
                                          arg0: GET_FIELD 'FIELD FIELD_FOR_CAPTURED_VALUE name:$firebaseUser type:com.google.firebase.auth.FirebaseUser? visibility:public/*package*/ [final] declared in com.example.farmforward.appActivity.userActivity.login.LoginController.handleLogin.<no name provided>.invokeSuspend$lambda$0.<no name provided>' type=com.google.firebase.auth.FirebaseUser? origin=null
                                            receiver: GET_VAR '<this>: com.example.farmforward.appActivity.userActivity.login.LoginController.handleLogin.<no name provided>.invokeSuspend$lambda$0.<no name provided> declared in com.example.farmforward.appActivity.userActivity.login.LoginController.handleLogin.<no name provided>.invokeSuspend$lambda$0.<no name provided>.invokeSuspend' type=com.example.farmforward.appActivity.userActivity.login.LoginController.handleLogin.<no name provided>.invokeSuspend$lambda$0.<no name provided> origin=null
                                          arg1: CONST Null type=kotlin.Nothing? value=null
                                      then: BLOCK type=kotlin.Unit origin=null
                                        SET_FIELD 'FIELD IR_BUILTINS_STUB name:element type:T of kotlin.jvm.internal.Ref.ObjectRef visibility:public declared in kotlin.jvm.internal.Ref.ObjectRef' type=kotlin.Unit origin=EQ
                                          receiver: GET_FIELD 'FIELD FIELD_FOR_CAPTURED_VALUE name:$localUser type:kotlin.jvm.internal.Ref.ObjectRef<com.example.farmforward.database.roomDatabase.User?> visibility:public/*package*/ [final] declared in com.example.farmforward.appActivity.userActivity.login.LoginController.handleLogin.<no name provided>.invokeSuspend$lambda$0.<no name provided>' type=kotlin.jvm.internal.Ref.ObjectRef<com.example.farmforward.database.roomDatabase.User?> origin=null
                                            receiver: GET_VAR '<this>: com.example.farmforward.appActivity.userActivity.login.LoginController.handleLogin.<no name provided>.invokeSuspend$lambda$0.<no name provided> declared in com.example.farmforward.appActivity.userActivity.login.LoginController.handleLogin.<no name provided>.invokeSuspend$lambda$0.<no name provided>.invokeSuspend' type=com.example.farmforward.appActivity.userActivity.login.LoginController.handleLogin.<no name provided>.invokeSuspend$lambda$0.<no name provided> origin=null
                                          value: BLOCK type=com.example.farmforward.database.roomDatabase.User origin=ARGUMENTS_REORDERING_FOR_CALL
                                            VAR IR_TEMPORARY_VARIABLE name:tmp4_username type:kotlin.String [val]
                                              BLOCK type=kotlin.String origin=FOLDED_ELVIS
                                                WHEN type=kotlin.String origin=FOLDED_ELVIS
                                                  BRANCH
                                                    if: COMPOSITE type=kotlin.Boolean origin=null
                                                      VAR IR_TEMPORARY_VARIABLE name:tmp0_elvis_lhs type:@[EnhancedNullability] kotlin.String? [val]
                                                        CALL 'public abstract fun getDisplayName (): @[EnhancedNullability] kotlin.String? declared in com.google.firebase.auth.FirebaseUser' type=@[EnhancedNullability] kotlin.String? origin=GET_PROPERTY
                                                          $this: GET_FIELD 'FIELD FIELD_FOR_CAPTURED_VALUE name:$firebaseUser type:com.google.firebase.auth.FirebaseUser? visibility:public/*package*/ [final] declared in com.example.farmforward.appActivity.userActivity.login.LoginController.handleLogin.<no name provided>.invokeSuspend$lambda$0.<no name provided>' type=com.google.firebase.auth.FirebaseUser? origin=null
                                                            receiver: GET_VAR '<this>: com.example.farmforward.appActivity.userActivity.login.LoginController.handleLogin.<no name provided>.invokeSuspend$lambda$0.<no name provided> declared in com.example.farmforward.appActivity.userActivity.login.LoginController.handleLogin.<no name provided>.invokeSuspend$lambda$0.<no name provided>.invokeSuspend' type=com.example.farmforward.appActivity.userActivity.login.LoginController.handleLogin.<no name provided>.invokeSuspend$lambda$0.<no name provided> origin=null
                                                      CALL 'public final fun not (): kotlin.Boolean [operator] declared in kotlin.Boolean' type=kotlin.Boolean origin=null
                                                        $this: CALL 'public final fun EQEQ (arg0: kotlin.Any?, arg1: kotlin.Any?): kotlin.Boolean declared in kotlin.internal.ir' type=kotlin.Boolean origin=null
                                                          arg0: GET_VAR 'val tmp0_elvis_lhs: @[EnhancedNullability] kotlin.String? [val] declared in com.example.farmforward.appActivity.userActivity.login.LoginController.handleLogin.<no name provided>.invokeSuspend$lambda$0.<no name provided>.invokeSuspend' type=@[EnhancedNullability] kotlin.String? origin=null
                                                          arg1: CONST Null type=kotlin.Nothing? value=null
                                                    then: GET_VAR 'val tmp0_elvis_lhs: @[EnhancedNullability] kotlin.String? [val] declared in com.example.farmforward.appActivity.userActivity.login.LoginController.handleLogin.<no name provided>.invokeSuspend$lambda$0.<no name provided>.invokeSuspend' type=@[EnhancedNullability] kotlin.String? origin=null
                                                  BRANCH
                                                    if: COMPOSITE type=kotlin.Boolean origin=null
                                                      VAR IR_TEMPORARY_VARIABLE name:tmp2_elvis_lhs type:kotlin.String? [val]
                                                        BLOCK type=kotlin.String? origin=FOLDED_SAFE_CALL
                                                          WHEN type=kotlin.String? origin=FOLDED_SAFE_CALL
                                                            BRANCH
                                                              if: COMPOSITE type=kotlin.Boolean origin=null
                                                                VAR IR_TEMPORARY_VARIABLE name:tmp1_safe_receiver type:@[EnhancedNullability] kotlin.String? [val]
                                                                  CALL 'public abstract fun getEmail (): @[EnhancedNullability] kotlin.String? declared in com.google.firebase.auth.FirebaseUser' type=@[EnhancedNullability] kotlin.String? origin=GET_PROPERTY
                                                                    $this: GET_FIELD 'FIELD FIELD_FOR_CAPTURED_VALUE name:$firebaseUser type:com.google.firebase.auth.FirebaseUser? visibility:public/*package*/ [final] declared in com.example.farmforward.appActivity.userActivity.login.LoginController.handleLogin.<no name provided>.invokeSuspend$lambda$0.<no name provided>' type=com.google.firebase.auth.FirebaseUser? origin=null
                                                                      receiver: GET_VAR '<this>: com.example.farmforward.appActivity.userActivity.login.LoginController.handleLogin.<no name provided>.invokeSuspend$lambda$0.<no name provided> declared in com.example.farmforward.appActivity.userActivity.login.LoginController.handleLogin.<no name provided>.invokeSuspend$lambda$0.<no name provided>.invokeSuspend' type=com.example.farmforward.appActivity.userActivity.login.LoginController.handleLogin.<no name provided>.invokeSuspend$lambda$0.<no name provided> origin=null
                                                                CALL 'public final fun not (): kotlin.Boolean [operator] declared in kotlin.Boolean' type=kotlin.Boolean origin=null
                                                                  $this: CALL 'public final fun EQEQ (arg0: kotlin.Any?, arg1: kotlin.Any?): kotlin.Boolean declared in kotlin.internal.ir' type=kotlin.Boolean origin=null
                                                                    arg0: GET_VAR 'val tmp1_safe_receiver: @[EnhancedNullability] kotlin.String? [val] declared in com.example.farmforward.appActivity.userActivity.login.LoginController.handleLogin.<no name provided>.invokeSuspend$lambda$0.<no name provided>.invokeSuspend' type=@[EnhancedNullability] kotlin.String? origin=null
                                                                    arg1: CONST Null type=kotlin.Nothing? value=null
                                                              then: CALL 'public final fun substringBefore$default (delimiter: kotlin.String, missingDelimiterValue: kotlin.String?, $mask0: kotlin.Int, $handler: kotlin.Any?): kotlin.String declared in kotlin.text.StringsKt' type=kotlin.String origin=DEFAULT_DISPATCH_CALL
                                                                $receiver: GET_VAR 'val tmp1_safe_receiver: @[EnhancedNullability] kotlin.String? [val] declared in com.example.farmforward.appActivity.userActivity.login.LoginController.handleLogin.<no name provided>.invokeSuspend$lambda$0.<no name provided>.invokeSuspend' type=@[EnhancedNullability] kotlin.String? origin=null
                                                                delimiter: CONST String type=kotlin.String value="@"
                                                                missingDelimiterValue: COMPOSITE type=kotlin.String? origin=DEFAULT_VALUE
                                                                  CONST Null type=kotlin.String? value=null
                                                                $mask0: CONST Int type=kotlin.Int value=2
                                                                $handler: CONST Null type=kotlin.Any? value=null
                                                            BRANCH
                                                              if: CONST Boolean type=kotlin.Boolean value=true
                                                              then: CONST Null type=kotlin.Nothing? value=null
                                                      CALL 'public final fun not (): kotlin.Boolean [operator] declared in kotlin.Boolean' type=kotlin.Boolean origin=null
                                                        $this: CALL 'public final fun EQEQ (arg0: kotlin.Any?, arg1: kotlin.Any?): kotlin.Boolean declared in kotlin.internal.ir' type=kotlin.Boolean origin=null
                                                          arg0: GET_VAR 'val tmp2_elvis_lhs: kotlin.String? [val] declared in com.example.farmforward.appActivity.userActivity.login.LoginController.handleLogin.<no name provided>.invokeSuspend$lambda$0.<no name provided>.invokeSuspend' type=kotlin.String? origin=null
                                                          arg1: CONST Null type=kotlin.Nothing? value=null
                                                    then: GET_VAR 'val tmp2_elvis_lhs: kotlin.String? [val] declared in com.example.farmforward.appActivity.userActivity.login.LoginController.handleLogin.<no name provided>.invokeSuspend$lambda$0.<no name provided>.invokeSuspend' type=kotlin.String? origin=null
                                                  BRANCH
                                                    if: CONST Boolean type=kotlin.Boolean value=true
                                                    then: CONST String type=kotlin.String value="Farmer"
                                            VAR IR_TEMPORARY_VARIABLE name:tmp5_email type:kotlin.String [val]
                                              BLOCK type=kotlin.String origin=FOLDED_ELVIS
                                                WHEN type=kotlin.String origin=FOLDED_ELVIS
                                                  BRANCH
                                                    if: COMPOSITE type=kotlin.Boolean origin=null
                                                      VAR IR_TEMPORARY_VARIABLE name:tmp3_elvis_lhs type:@[EnhancedNullability] kotlin.String? [val]
                                                        CALL 'public abstract fun getEmail (): @[EnhancedNullability] kotlin.String? declared in com.google.firebase.auth.FirebaseUser' type=@[EnhancedNullability] kotlin.String? origin=GET_PROPERTY
                                                          $this: GET_FIELD 'FIELD FIELD_FOR_CAPTURED_VALUE name:$firebaseUser type:com.google.firebase.auth.FirebaseUser? visibility:public/*package*/ [final] declared in com.example.farmforward.appActivity.userActivity.login.LoginController.handleLogin.<no name provided>.invokeSuspend$lambda$0.<no name provided>' type=com.google.firebase.auth.FirebaseUser? origin=null
                                                            receiver: GET_VAR '<this>: com.example.farmforward.appActivity.userActivity.login.LoginController.handleLogin.<no name provided>.invokeSuspend$lambda$0.<no name provided> declared in com.example.farmforward.appActivity.userActivity.login.LoginController.handleLogin.<no name provided>.invokeSuspend$lambda$0.<no name provided>.invokeSuspend' type=com.example.farmforward.appActivity.userActivity.login.LoginController.handleLogin.<no name provided>.invokeSuspend$lambda$0.<no name provided> origin=null
                                                      CALL 'public final fun not (): kotlin.Boolean [operator] declared in kotlin.Boolean' type=kotlin.Boolean origin=null
                                                        $this: CALL 'public final fun EQEQ (arg0: kotlin.Any?, arg1: kotlin.Any?): kotlin.Boolean declared in kotlin.internal.ir' type=kotlin.Boolean origin=null
                                                          arg0: GET_VAR 'val tmp3_elvis_lhs: @[EnhancedNullability] kotlin.String? [val] declared in com.example.farmforward.appActivity.userActivity.login.LoginController.handleLogin.<no name provided>.invokeSuspend$lambda$0.<no name provided>.invokeSuspend' type=@[EnhancedNullability] kotlin.String? origin=null
                                                          arg1: CONST Null type=kotlin.Nothing? value=null
                                                    then: GET_VAR 'val tmp3_elvis_lhs: @[EnhancedNullability] kotlin.String? [val] declared in com.example.farmforward.appActivity.userActivity.login.LoginController.handleLogin.<no name provided>.invokeSuspend$lambda$0.<no name provided>.invokeSuspend' type=@[EnhancedNullability] kotlin.String? origin=null
                                                  BRANCH
                                                    if: CONST Boolean type=kotlin.Boolean value=true
                                                    then: CALL 'public final fun CHECK_NOT_NULL <T0> (arg0: T0 of kotlin.internal.ir.CHECK_NOT_NULL?): {T0 of kotlin.internal.ir.CHECK_NOT_NULL & Any} declared in kotlin.internal.ir' type=kotlin.String origin=EXCLEXCL
                                                      <T0>: kotlin.String
                                                      arg0: GET_FIELD 'FIELD IR_BUILTINS_STUB name:element type:T of kotlin.jvm.internal.Ref.ObjectRef visibility:public declared in kotlin.jvm.internal.Ref.ObjectRef' type=kotlin.String? origin=null
                                                        receiver: GET_FIELD 'FIELD FIELD_FOR_CAPTURED_VALUE name:$emailToUse type:kotlin.jvm.internal.Ref.ObjectRef<kotlin.String?> visibility:public/*package*/ [final] declared in com.example.farmforward.appActivity.userActivity.login.LoginController.handleLogin.<no name provided>.invokeSuspend$lambda$0.<no name provided>' type=kotlin.jvm.internal.Ref.ObjectRef<kotlin.String?> origin=null
                                                          receiver: GET_VAR '<this>: com.example.farmforward.appActivity.userActivity.login.LoginController.handleLogin.<no name provided>.invokeSuspend$lambda$0.<no name provided> declared in com.example.farmforward.appActivity.userActivity.login.LoginController.handleLogin.<no name provided>.invokeSuspend$lambda$0.<no name provided>.invokeSuspend' type=com.example.farmforward.appActivity.userActivity.login.LoginController.handleLogin.<no name provided>.invokeSuspend$lambda$0.<no name provided> origin=null
                                            CONSTRUCTOR_CALL 'public constructor <init> (id: kotlin.Int, username: kotlin.String?, password: kotlin.String?, lastUpdated: kotlin.Long, email: kotlin.String?, $mask0: kotlin.Int, $marker: kotlin.jvm.internal.DefaultConstructorMarker?) declared in com.example.farmforward.database.roomDatabase.User' type=com.example.farmforward.database.roomDatabase.User origin=DEFAULT_DISPATCH_CALL
                                              id: CONST Int type=kotlin.Int value=0
                                              username: GET_VAR 'val tmp4_username: kotlin.String [val] declared in com.example.farmforward.appActivity.userActivity.login.LoginController.handleLogin.<no name provided>.invokeSuspend$lambda$0.<no name provided>.invokeSuspend' type=kotlin.String origin=null
                                              password: CONST String type=kotlin.String value=""
                                              lastUpdated: COMPOSITE type=kotlin.Long origin=DEFAULT_VALUE
                                                CONST Long type=kotlin.Long value=0
                                              email: GET_VAR 'val tmp5_email: kotlin.String [val] declared in com.example.farmforward.appActivity.userActivity.login.LoginController.handleLogin.<no name provided>.invokeSuspend$lambda$0.<no name provided>.invokeSuspend' type=kotlin.String origin=null
                                              $mask0: CONST Int type=kotlin.Int value=8
                                              $marker: CONST Null type=kotlin.jvm.internal.DefaultConstructorMarker? value=null
                            WHEN type=kotlin.Unit origin=IF
                              BRANCH
                                if: CALL 'public final fun not (): kotlin.Boolean [operator] declared in kotlin.Boolean' type=kotlin.Boolean origin=EXCLEQ
                                  $this: CALL 'public final fun EQEQ (arg0: kotlin.Any?, arg1: kotlin.Any?): kotlin.Boolean declared in kotlin.internal.ir' type=kotlin.Boolean origin=EXCLEQ
                                    arg0: GET_FIELD 'FIELD IR_BUILTINS_STUB name:element type:T of kotlin.jvm.internal.Ref.ObjectRef visibility:public declared in kotlin.jvm.internal.Ref.ObjectRef' type=com.example.farmforward.database.roomDatabase.User? origin=null
                                      receiver: GET_FIELD 'FIELD FIELD_FOR_CAPTURED_VALUE name:$localUser type:kotlin.jvm.internal.Ref.ObjectRef<com.example.farmforward.database.roomDatabase.User?> visibility:public/*package*/ [final] declared in com.example.farmforward.appActivity.userActivity.login.LoginController.handleLogin.<no name provided>.invokeSuspend$lambda$0.<no name provided>' type=kotlin.jvm.internal.Ref.ObjectRef<com.example.farmforward.database.roomDatabase.User?> origin=null
                                        receiver: GET_VAR '<this>: com.example.farmforward.appActivity.userActivity.login.LoginController.handleLogin.<no name provided>.invokeSuspend$lambda$0.<no name provided> declared in com.example.farmforward.appActivity.userActivity.login.LoginController.handleLogin.<no name provided>.invokeSuspend$lambda$0.<no name provided>.invokeSuspend' type=com.example.farmforward.appActivity.userActivity.login.LoginController.handleLogin.<no name provided>.invokeSuspend$lambda$0.<no name provided> origin=null
                                    arg1: CONST Null type=kotlin.Nothing? value=null
                                then: BLOCK type=kotlin.Unit origin=null
                                  VAR name:hashedPassword type:kotlin.String [val]
                                    CALL 'public final fun hashPassword (password: kotlin.String): kotlin.String declared in com.example.farmforward.utils.otherUtils.HashUtils' type=kotlin.String origin=null
                                      $this: GET_FIELD 'FIELD FIELD_FOR_OBJECT_INSTANCE name:INSTANCE type:com.example.farmforward.utils.otherUtils.HashUtils visibility:public [final,static] declared in com.example.farmforward.utils.otherUtils.HashUtils' type=com.example.farmforward.utils.otherUtils.HashUtils origin=null
                                      password: GET_FIELD 'FIELD FIELD_FOR_CAPTURED_VALUE name:$password type:kotlin.String visibility:public/*package*/ [final] declared in com.example.farmforward.appActivity.userActivity.login.LoginController.handleLogin.<no name provided>.invokeSuspend$lambda$0.<no name provided>' type=kotlin.String origin=null
                                        receiver: GET_VAR '<this>: com.example.farmforward.appActivity.userActivity.login.LoginController.handleLogin.<no name provided>.invokeSuspend$lambda$0.<no name provided> declared in com.example.farmforward.appActivity.userActivity.login.LoginController.handleLogin.<no name provided>.invokeSuspend$lambda$0.<no name provided>.invokeSuspend' type=com.example.farmforward.appActivity.userActivity.login.LoginController.handleLogin.<no name provided>.invokeSuspend$lambda$0.<no name provided> origin=null
                                  VAR name:updatedUser type:com.example.farmforward.database.roomDatabase.User [val]
                                    CALL 'public final fun copy$default ($this: com.example.farmforward.database.roomDatabase.User, id: kotlin.Int, username: kotlin.String?, password: kotlin.String?, lastUpdated: kotlin.Long, email: kotlin.String?, $mask0: kotlin.Int, $handler: kotlin.Any?): com.example.farmforward.database.roomDatabase.User declared in com.example.farmforward.database.roomDatabase.User' type=com.example.farmforward.database.roomDatabase.User origin=DEFAULT_DISPATCH_CALL
                                      $this: CALL 'public final fun CHECK_NOT_NULL <T0> (arg0: T0 of kotlin.internal.ir.CHECK_NOT_NULL?): {T0 of kotlin.internal.ir.CHECK_NOT_NULL & Any} declared in kotlin.internal.ir' type=com.example.farmforward.database.roomDatabase.User origin=EXCLEXCL
                                        <T0>: com.example.farmforward.database.roomDatabase.User
                                        arg0: GET_FIELD 'FIELD IR_BUILTINS_STUB name:element type:T of kotlin.jvm.internal.Ref.ObjectRef visibility:public declared in kotlin.jvm.internal.Ref.ObjectRef' type=com.example.farmforward.database.roomDatabase.User? origin=null
                                          receiver: GET_FIELD 'FIELD FIELD_FOR_CAPTURED_VALUE name:$localUser type:kotlin.jvm.internal.Ref.ObjectRef<com.example.farmforward.database.roomDatabase.User?> visibility:public/*package*/ [final] declared in com.example.farmforward.appActivity.userActivity.login.LoginController.handleLogin.<no name provided>.invokeSuspend$lambda$0.<no name provided>' type=kotlin.jvm.internal.Ref.ObjectRef<com.example.farmforward.database.roomDatabase.User?> origin=null
                                            receiver: GET_VAR '<this>: com.example.farmforward.appActivity.userActivity.login.LoginController.handleLogin.<no name provided>.invokeSuspend$lambda$0.<no name provided> declared in com.example.farmforward.appActivity.userActivity.login.LoginController.handleLogin.<no name provided>.invokeSuspend$lambda$0.<no name provided>.invokeSuspend' type=com.example.farmforward.appActivity.userActivity.login.LoginController.handleLogin.<no name provided>.invokeSuspend$lambda$0.<no name provided> origin=null
                                      id: COMPOSITE type=kotlin.Int origin=DEFAULT_VALUE
                                        CONST Int type=kotlin.Int value=0
                                      username: COMPOSITE type=kotlin.String? origin=DEFAULT_VALUE
                                        CONST Null type=kotlin.String? value=null
                                      password: GET_VAR 'val hashedPassword: kotlin.String [val] declared in com.example.farmforward.appActivity.userActivity.login.LoginController.handleLogin.<no name provided>.invokeSuspend$lambda$0.<no name provided>.invokeSuspend' type=kotlin.String origin=null
                                      lastUpdated: COMPOSITE type=kotlin.Long origin=DEFAULT_VALUE
                                        CONST Long type=kotlin.Long value=0
                                      email: COMPOSITE type=kotlin.String? origin=DEFAULT_VALUE
                                        CONST Null type=kotlin.String? value=null
                                      $mask0: CONST Int type=kotlin.Int value=27
                                      $handler: CONST Null type=kotlin.Any? value=null
                                  CALL 'public abstract fun registerUser (user: com.example.farmforward.database.roomDatabase.User, $completion: kotlin.coroutines.Continuation<kotlin.Unit>): kotlin.Any? [suspend] declared in com.example.farmforward.database.roomDatabase.RoomUserDao' type=kotlin.Unit origin=null
                                    $this: CALL 'public final fun access$getUserDao$p ($this: com.example.farmforward.appActivity.userActivity.login.LoginController): com.example.farmforward.database.roomDatabase.RoomUserDao declared in com.example.farmforward.appActivity.userActivity.login.LoginController' type=com.example.farmforward.database.roomDatabase.RoomUserDao origin=null
                                      $this: GET_FIELD 'FIELD FIELD_FOR_CAPTURED_VALUE name:this$0 type:com.example.farmforward.appActivity.userActivity.login.LoginController visibility:public/*package*/ [final] declared in com.example.farmforward.appActivity.userActivity.login.LoginController.handleLogin.<no name provided>.invokeSuspend$lambda$0.<no name provided>' type=com.example.farmforward.appActivity.userActivity.login.LoginController origin=null
                                        receiver: GET_VAR '<this>: com.example.farmforward.appActivity.userActivity.login.LoginController.handleLogin.<no name provided>.invokeSuspend$lambda$0.<no name provided> declared in com.example.farmforward.appActivity.userActivity.login.LoginController.handleLogin.<no name provided>.invokeSuspend$lambda$0.<no name provided>.invokeSuspend' type=com.example.farmforward.appActivity.userActivity.login.LoginController.handleLogin.<no name provided>.invokeSuspend$lambda$0.<no name provided> origin=null
                                    user: GET_VAR 'val updatedUser: com.example.farmforward.database.roomDatabase.User [val] declared in com.example.farmforward.appActivity.userActivity.login.LoginController.handleLogin.<no name provided>.invokeSuspend$lambda$0.<no name provided>.invokeSuspend' type=com.example.farmforward.database.roomDatabase.User origin=null
                                    $completion: GET_VAR '<this>: com.example.farmforward.appActivity.userActivity.login.LoginController.handleLogin.<no name provided>.invokeSuspend$lambda$0.<no name provided> declared in com.example.farmforward.appActivity.userActivity.login.LoginController.handleLogin.<no name provided>.invokeSuspend$lambda$0.<no name provided>.invokeSuspend' type=com.example.farmforward.appActivity.userActivity.login.LoginController.handleLogin.<no name provided>.invokeSuspend$lambda$0.<no name provided> origin=null
                                  VAR name:finalUser type:com.example.farmforward.database.roomDatabase.User [val]
                                    BLOCK type=com.example.farmforward.database.roomDatabase.User origin=FOLDED_ELVIS
                                      WHEN type=com.example.farmforward.database.roomDatabase.User origin=FOLDED_ELVIS
                                        BRANCH
                                          if: COMPOSITE type=kotlin.Boolean origin=null
                                            VAR IR_TEMPORARY_VARIABLE name:tmp6_elvis_lhs type:com.example.farmforward.database.roomDatabase.User? [val]
                                              CALL 'public abstract fun getUserByEmail (email: kotlin.String, $completion: kotlin.coroutines.Continuation<com.example.farmforward.database.roomDatabase.User?>): kotlin.Any? [suspend] declared in com.example.farmforward.database.roomDatabase.RoomUserDao' type=com.example.farmforward.database.roomDatabase.User? origin=null
                                                $this: CALL 'public final fun access$getUserDao$p ($this: com.example.farmforward.appActivity.userActivity.login.LoginController): com.example.farmforward.database.roomDatabase.RoomUserDao declared in com.example.farmforward.appActivity.userActivity.login.LoginController' type=com.example.farmforward.database.roomDatabase.RoomUserDao origin=null
                                                  $this: GET_FIELD 'FIELD FIELD_FOR_CAPTURED_VALUE name:this$0 type:com.example.farmforward.appActivity.userActivity.login.LoginController visibility:public/*package*/ [final] declared in com.example.farmforward.appActivity.userActivity.login.LoginController.handleLogin.<no name provided>.invokeSuspend$lambda$0.<no name provided>' type=com.example.farmforward.appActivity.userActivity.login.LoginController origin=null
                                                    receiver: GET_VAR '<this>: com.example.farmforward.appActivity.userActivity.login.LoginController.handleLogin.<no name provided>.invokeSuspend$lambda$0.<no name provided> declared in com.example.farmforward.appActivity.userActivity.login.LoginController.handleLogin.<no name provided>.invokeSuspend$lambda$0.<no name provided>.invokeSuspend' type=com.example.farmforward.appActivity.userActivity.login.LoginController.handleLogin.<no name provided>.invokeSuspend$lambda$0.<no name provided> origin=null
                                                email: CALL 'public final fun <get-email> (): kotlin.String declared in com.example.farmforward.database.roomDatabase.User' type=kotlin.String origin=GET_PROPERTY
                                                  $this: GET_VAR 'val updatedUser: com.example.farmforward.database.roomDatabase.User [val] declared in com.example.farmforward.appActivity.userActivity.login.LoginController.handleLogin.<no name provided>.invokeSuspend$lambda$0.<no name provided>.invokeSuspend' type=com.example.farmforward.database.roomDatabase.User origin=null
                                                $completion: GET_VAR '<this>: com.example.farmforward.appActivity.userActivity.login.LoginController.handleLogin.<no name provided>.invokeSuspend$lambda$0.<no name provided> declared in com.example.farmforward.appActivity.userActivity.login.LoginController.handleLogin.<no name provided>.invokeSuspend$lambda$0.<no name provided>.invokeSuspend' type=com.example.farmforward.appActivity.userActivity.login.LoginController.handleLogin.<no name provided>.invokeSuspend$lambda$0.<no name provided> origin=null
                                            CALL 'public final fun not (): kotlin.Boolean [operator] declared in kotlin.Boolean' type=kotlin.Boolean origin=null
                                              $this: CALL 'public final fun EQEQ (arg0: kotlin.Any?, arg1: kotlin.Any?): kotlin.Boolean declared in kotlin.internal.ir' type=kotlin.Boolean origin=null
                                                arg0: GET_VAR 'val tmp6_elvis_lhs: com.example.farmforward.database.roomDatabase.User? [val] declared in com.example.farmforward.appActivity.userActivity.login.LoginController.handleLogin.<no name provided>.invokeSuspend$lambda$0.<no name provided>.invokeSuspend' type=com.example.farmforward.database.roomDatabase.User? origin=null
                                                arg1: CONST Null type=kotlin.Nothing? value=null
                                          then: GET_VAR 'val tmp6_elvis_lhs: com.example.farmforward.database.roomDatabase.User? [val] declared in com.example.farmforward.appActivity.userActivity.login.LoginController.handleLogin.<no name provided>.invokeSuspend$lambda$0.<no name provided>.invokeSuspend' type=com.example.farmforward.database.roomDatabase.User? origin=null
                                        BRANCH
                                          if: CONST Boolean type=kotlin.Boolean value=true
                                          then: GET_VAR 'val updatedUser: com.example.farmforward.database.roomDatabase.User [val] declared in com.example.farmforward.appActivity.userActivity.login.LoginController.handleLogin.<no name provided>.invokeSuspend$lambda$0.<no name provided>.invokeSuspend' type=com.example.farmforward.database.roomDatabase.User origin=null
                                  CALL 'public final fun saveSession (userId: kotlin.Int, username: kotlin.String, email: kotlin.String): kotlin.Unit declared in com.example.farmforward.appActivity.userActivity.session.SessionManager' type=kotlin.Unit origin=null
                                    $this: CALL 'public final fun access$getSession$p ($this: com.example.farmforward.appActivity.userActivity.login.LoginController): com.example.farmforward.appActivity.userActivity.session.SessionManager declared in com.example.farmforward.appActivity.userActivity.login.LoginController' type=com.example.farmforward.appActivity.userActivity.session.SessionManager origin=null
                                      $this: GET_FIELD 'FIELD FIELD_FOR_CAPTURED_VALUE name:this$0 type:com.example.farmforward.appActivity.userActivity.login.LoginController visibility:public/*package*/ [final] declared in com.example.farmforward.appActivity.userActivity.login.LoginController.handleLogin.<no name provided>.invokeSuspend$lambda$0.<no name provided>' type=com.example.farmforward.appActivity.userActivity.login.LoginController origin=null
                                        receiver: GET_VAR '<this>: com.example.farmforward.appActivity.userActivity.login.LoginController.handleLogin.<no name provided>.invokeSuspend$lambda$0.<no name provided> declared in com.example.farmforward.appActivity.userActivity.login.LoginController.handleLogin.<no name provided>.invokeSuspend$lambda$0.<no name provided>.invokeSuspend' type=com.example.farmforward.appActivity.userActivity.login.LoginController.handleLogin.<no name provided>.invokeSuspend$lambda$0.<no name provided> origin=null
                                    userId: CALL 'public final fun <get-id> (): kotlin.Int declared in com.example.farmforward.database.roomDatabase.User' type=kotlin.Int origin=GET_PROPERTY
                                      $this: GET_VAR 'val finalUser: com.example.farmforward.database.roomDatabase.User [val] declared in com.example.farmforward.appActivity.userActivity.login.LoginController.handleLogin.<no name provided>.invokeSuspend$lambda$0.<no name provided>.invokeSuspend' type=com.example.farmforward.database.roomDatabase.User origin=null
                                    username: CALL 'public final fun <get-username> (): kotlin.String declared in com.example.farmforward.database.roomDatabase.User' type=kotlin.String origin=GET_PROPERTY
                                      $this: GET_VAR 'val finalUser: com.example.farmforward.database.roomDatabase.User [val] declared in com.example.farmforward.appActivity.userActivity.login.LoginController.handleLogin.<no name provided>.invokeSuspend$lambda$0.<no name provided>.invokeSuspend' type=com.example.farmforward.database.roomDatabase.User origin=null
                                    email: CALL 'public final fun <get-email> (): kotlin.String declared in com.example.farmforward.database.roomDatabase.User' type=kotlin.String origin=GET_PROPERTY
                                      $this: GET_VAR 'val finalUser: com.example.farmforward.database.roomDatabase.User [val] declared in com.example.farmforward.appActivity.userActivity.login.LoginController.handleLogin.<no name provided>.invokeSuspend$lambda$0.<no name provided>.invokeSuspend' type=com.example.farmforward.database.roomDatabase.User origin=null
                                  CALL 'public final fun saveOfflineMode (isOffline: kotlin.Boolean): kotlin.Unit declared in com.example.farmforward.appActivity.userActivity.session.SessionManager' type=kotlin.Unit origin=null
                                    $this: CALL 'public final fun access$getSession$p ($this: com.example.farmforward.appActivity.userActivity.login.LoginController): com.example.farmforward.appActivity.userActivity.session.SessionManager declared in com.example.farmforward.appActivity.userActivity.login.LoginController' type=com.example.farmforward.appActivity.userActivity.session.SessionManager origin=null
                                      $this: GET_FIELD 'FIELD FIELD_FOR_CAPTURED_VALUE name:this$0 type:com.example.farmforward.appActivity.userActivity.login.LoginController visibility:public/*package*/ [final] declared in com.example.farmforward.appActivity.userActivity.login.LoginController.handleLogin.<no name provided>.invokeSuspend$lambda$0.<no name provided>' type=com.example.farmforward.appActivity.userActivity.login.LoginController origin=null
                                        receiver: GET_VAR '<this>: com.example.farmforward.appActivity.userActivity.login.LoginController.handleLogin.<no name provided>.invokeSuspend$lambda$0.<no name provided> declared in com.example.farmforward.appActivity.userActivity.login.LoginController.handleLogin.<no name provided>.invokeSuspend$lambda$0.<no name provided>.invokeSuspend' type=com.example.farmforward.appActivity.userActivity.login.LoginController.handleLogin.<no name provided>.invokeSuspend$lambda$0.<no name provided> origin=null
                                    isOffline: GET_FIELD 'FIELD FIELD_FOR_CAPTURED_VALUE name:$isOfflineMode type:kotlin.Boolean visibility:public/*package*/ [final] declared in com.example.farmforward.appActivity.userActivity.login.LoginController.handleLogin.<no name provided>.invokeSuspend$lambda$0.<no name provided>' type=kotlin.Boolean origin=null
                                      receiver: GET_VAR '<this>: com.example.farmforward.appActivity.userActivity.login.LoginController.handleLogin.<no name provided>.invokeSuspend$lambda$0.<no name provided> declared in com.example.farmforward.appActivity.userActivity.login.LoginController.handleLogin.<no name provided>.invokeSuspend$lambda$0.<no name provided>.invokeSuspend' type=com.example.farmforward.appActivity.userActivity.login.LoginController.handleLogin.<no name provided>.invokeSuspend$lambda$0.<no name provided> origin=null
                                  CALL 'public final fun withContext <T> (context: kotlin.coroutines.CoroutineContext, block: @[ExtensionFunctionType] kotlin.coroutines.SuspendFunction1<kotlinx.coroutines.CoroutineScope, T of kotlinx.coroutines.BuildersKt.withContext>, $completion: kotlin.coroutines.Continuation<T of kotlinx.coroutines.BuildersKt.withContext>): kotlin.Any? [suspend] declared in kotlinx.coroutines.BuildersKt' type=kotlin.Unit origin=null
                                    <T>: kotlin.Unit
                                    context: CALL 'public final fun <get-Main> (): kotlinx.coroutines.MainCoroutineDispatcher declared in kotlinx.coroutines.Dispatchers' type=kotlinx.coroutines.MainCoroutineDispatcher origin=GET_PROPERTY
                                    block: BLOCK type=com.example.farmforward.appActivity.userActivity.login.LoginController.handleLogin.<no name provided>.invokeSuspend$lambda$0.<no name provided>.invokeSuspend.<no name provided> origin=null
                                      CLASS SUSPEND_LAMBDA CLASS name:<no name provided> modality:FINAL visibility:public/*package*/ superTypes:[kotlin.coroutines.jvm.internal.SuspendLambda; kotlin.jvm.functions.Function2<kotlinx.coroutines.CoroutineScope, kotlin.coroutines.Continuation<kotlin.Unit>?, kotlin.Any?>]
                                        $this: VALUE_PARAMETER INSTANCE_RECEIVER name:<this> type:com.example.farmforward.appActivity.userActivity.login.LoginController.handleLogin.<no name provided>.invokeSuspend$lambda$0.<no name provided>.invokeSuspend.<no name provided>
                                        FIELD name:label type:kotlin.Int visibility:public/*package*/
                                        CONSTRUCTOR SUSPEND_LAMBDA visibility:public/*package*/ <> (this$0:com.example.farmforward.appActivity.userActivity.login.LoginController, $completion:kotlin.coroutines.Continuation<com.example.farmforward.appActivity.userActivity.login.LoginController.handleLogin.<no name provided>.invokeSuspend$lambda$0.<no name provided>.invokeSuspend.<no name provided>>?) returnType:com.example.farmforward.appActivity.userActivity.login.LoginController.handleLogin.<no name provided>.invokeSuspend$lambda$0.<no name provided>.invokeSuspend.<no name provided> [primary]
                                          VALUE_PARAMETER BOUND_RECEIVER_PARAMETER name:this$0 index:0 type:com.example.farmforward.appActivity.userActivity.login.LoginController
                                          VALUE_PARAMETER name:$completion index:1 type:kotlin.coroutines.Continuation<com.example.farmforward.appActivity.userActivity.login.LoginController.handleLogin.<no name provided>.invokeSuspend$lambda$0.<no name provided>.invokeSuspend.<no name provided>>?
                                          BLOCK_BODY
                                            SET_FIELD 'FIELD FIELD_FOR_CAPTURED_VALUE name:this$0 type:com.example.farmforward.appActivity.userActivity.login.LoginController visibility:public/*package*/ [final] declared in com.example.farmforward.appActivity.userActivity.login.LoginController.handleLogin.<no name provided>.invokeSuspend$lambda$0.<no name provided>.invokeSuspend.<no name provided>' type=kotlin.Unit origin=INITIALIZER_OF_FIELD_FOR_CAPTURED_VALUE
                                              receiver: GET_VAR '<this>: com.example.farmforward.appActivity.userActivity.login.LoginController.handleLogin.<no name provided>.invokeSuspend$lambda$0.<no name provided>.invokeSuspend.<no name provided> declared in com.example.farmforward.appActivity.userActivity.login.LoginController.handleLogin.<no name provided>.invokeSuspend$lambda$0.<no name provided>.invokeSuspend.<no name provided>' type=com.example.farmforward.appActivity.userActivity.login.LoginController.handleLogin.<no name provided>.invokeSuspend$lambda$0.<no name provided>.invokeSuspend.<no name provided> origin=null
                                              value: GET_VAR 'this$0: com.example.farmforward.appActivity.userActivity.login.LoginController declared in com.example.farmforward.appActivity.userActivity.login.LoginController.handleLogin.<no name provided>.invokeSuspend$lambda$0.<no name provided>.invokeSuspend.<no name provided>.<init>' type=com.example.farmforward.appActivity.userActivity.login.LoginController origin=null
                                            DELEGATING_CONSTRUCTOR_CALL 'public constructor <init> (arity: kotlin.Int, $completion: kotlin.coroutines.Continuation<kotlin.Any?>?) declared in kotlin.coroutines.jvm.internal.SuspendLambda'
                                              arity: CONST Int type=kotlin.Int value=2
                                              $completion: GET_VAR '$completion: kotlin.coroutines.Continuation<com.example.farmforward.appActivity.userActivity.login.LoginController.handleLogin.<no name provided>.invokeSuspend$lambda$0.<no name provided>.invokeSuspend.<no name provided>>? declared in com.example.farmforward.appActivity.userActivity.login.LoginController.handleLogin.<no name provided>.invokeSuspend$lambda$0.<no name provided>.invokeSuspend.<no name provided>.<init>' type=kotlin.coroutines.Continuation<com.example.farmforward.appActivity.userActivity.login.LoginController.handleLogin.<no name provided>.invokeSuspend$lambda$0.<no name provided>.invokeSuspend.<no name provided>>? origin=null
                                            BLOCK type=kotlin.Unit origin=null
                                        FUN name:invokeSuspend visibility:public modality:FINAL <> ($this:com.example.farmforward.appActivity.userActivity.login.LoginController.handleLogin.<no name provided>.invokeSuspend$lambda$0.<no name provided>.invokeSuspend.<no name provided>, $result:kotlin.Result<kotlin.Any?>) returnType:kotlin.Any?
                                          overridden:
                                            protected abstract fun invokeSuspend ($result: kotlin.Result<kotlin.Any?>): kotlin.Any? declared in kotlin.coroutines.jvm.internal.SuspendLambda
                                          $this: VALUE_PARAMETER INSTANCE_RECEIVER name:<this> type:com.example.farmforward.appActivity.userActivity.login.LoginController.handleLogin.<no name provided>.invokeSuspend$lambda$0.<no name provided>.invokeSuspend.<no name provided>
                                          VALUE_PARAMETER name:$result index:0 type:kotlin.Result<kotlin.Any?>
                                          BLOCK_BODY
                                            COMPOSITE type=kotlin.Unit origin=null
                                              BLOCK type=kotlin.Unit? origin=FOLDED_SAFE_CALL
                                                WHEN type=kotlin.Unit? origin=FOLDED_SAFE_CALL
                                                  BRANCH
                                                    if: COMPOSITE type=kotlin.Boolean origin=null
                                                      VAR IR_TEMPORARY_VARIABLE name:tmp0_safe_receiver type:com.example.farmforward.appActivity.userActivity.login.LoginView? [val]
                                                        CALL 'public final fun access$getView$p ($this: com.example.farmforward.appActivity.userActivity.login.LoginController): com.example.farmforward.appActivity.userActivity.login.LoginView? declared in com.example.farmforward.appActivity.userActivity.login.LoginController' type=com.example.farmforward.appActivity.userActivity.login.LoginView? origin=null
                                                          $this: GET_FIELD 'FIELD FIELD_FOR_CAPTURED_VALUE name:this$0 type:com.example.farmforward.appActivity.userActivity.login.LoginController visibility:public/*package*/ [final] declared in com.example.farmforward.appActivity.userActivity.login.LoginController.handleLogin.<no name provided>.invokeSuspend$lambda$0.<no name provided>.invokeSuspend.<no name provided>' type=com.example.farmforward.appActivity.userActivity.login.LoginController origin=null
                                                            receiver: GET_VAR '<this>: com.example.farmforward.appActivity.userActivity.login.LoginController.handleLogin.<no name provided>.invokeSuspend$lambda$0.<no name provided>.invokeSuspend.<no name provided> declared in com.example.farmforward.appActivity.userActivity.login.LoginController.handleLogin.<no name provided>.invokeSuspend$lambda$0.<no name provided>.invokeSuspend.<no name provided>.invokeSuspend' type=com.example.farmforward.appActivity.userActivity.login.LoginController.handleLogin.<no name provided>.invokeSuspend$lambda$0.<no name provided>.invokeSuspend.<no name provided> origin=null
                                                      CALL 'public final fun not (): kotlin.Boolean [operator] declared in kotlin.Boolean' type=kotlin.Boolean origin=null
                                                        $this: CALL 'public final fun EQEQ (arg0: kotlin.Any?, arg1: kotlin.Any?): kotlin.Boolean declared in kotlin.internal.ir' type=kotlin.Boolean origin=null
                                                          arg0: GET_VAR 'val tmp0_safe_receiver: com.example.farmforward.appActivity.userActivity.login.LoginView? [val] declared in com.example.farmforward.appActivity.userActivity.login.LoginController.handleLogin.<no name provided>.invokeSuspend$lambda$0.<no name provided>.invokeSuspend.<no name provided>.invokeSuspend' type=com.example.farmforward.appActivity.userActivity.login.LoginView? origin=null
                                                          arg1: CONST Null type=kotlin.Nothing? value=null
                                                    then: CALL 'public abstract fun showToast (message: kotlin.String, isError: kotlin.Boolean): kotlin.Unit declared in com.example.farmforward.appActivity.userActivity.login.LoginView' type=kotlin.Unit origin=null
                                                      $this: GET_VAR 'val tmp0_safe_receiver: com.example.farmforward.appActivity.userActivity.login.LoginView? [val] declared in com.example.farmforward.appActivity.userActivity.login.LoginController.handleLogin.<no name provided>.invokeSuspend$lambda$0.<no name provided>.invokeSuspend.<no name provided>.invokeSuspend' type=com.example.farmforward.appActivity.userActivity.login.LoginView? origin=null
                                                      message: CONST String type=kotlin.String value="Login successful!"
                                                      isError: CONST Boolean type=kotlin.Boolean value=false
                                                  BRANCH
                                                    if: CONST Boolean type=kotlin.Boolean value=true
                                                    then: CONST Null type=kotlin.Nothing? value=null
                                            COMPOSITE type=kotlin.Unit origin=null
                                              BLOCK type=kotlin.Unit? origin=FOLDED_SAFE_CALL
                                                WHEN type=kotlin.Unit? origin=FOLDED_SAFE_CALL
                                                  BRANCH
                                                    if: COMPOSITE type=kotlin.Boolean origin=null
                                                      VAR IR_TEMPORARY_VARIABLE name:tmp1_safe_receiver type:com.example.farmforward.appActivity.userActivity.login.LoginView? [val]
                                                        CALL 'public final fun access$getView$p ($this: com.example.farmforward.appActivity.userActivity.login.LoginController): com.example.farmforward.appActivity.userActivity.login.LoginView? declared in com.example.farmforward.appActivity.userActivity.login.LoginController' type=com.example.farmforward.appActivity.userActivity.login.LoginView? origin=null
                                                          $this: GET_FIELD 'FIELD FIELD_FOR_CAPTURED_VALUE name:this$0 type:com.example.farmforward.appActivity.userActivity.login.LoginController visibility:public/*package*/ [final] declared in com.example.farmforward.appActivity.userActivity.login.LoginController.handleLogin.<no name provided>.invokeSuspend$lambda$0.<no name provided>.invokeSuspend.<no name provided>' type=com.example.farmforward.appActivity.userActivity.login.LoginController origin=null
                                                            receiver: GET_VAR '<this>: com.example.farmforward.appActivity.userActivity.login.LoginController.handleLogin.<no name provided>.invokeSuspend$lambda$0.<no name provided>.invokeSuspend.<no name provided> declared in com.example.farmforward.appActivity.userActivity.login.LoginController.handleLogin.<no name provided>.invokeSuspend$lambda$0.<no name provided>.invokeSuspend.<no name provided>.invokeSuspend' type=com.example.farmforward.appActivity.userActivity.login.LoginController.handleLogin.<no name provided>.invokeSuspend$lambda$0.<no name provided>.invokeSuspend.<no name provided> origin=null
                                                      CALL 'public final fun not (): kotlin.Boolean [operator] declared in kotlin.Boolean' type=kotlin.Boolean origin=null
                                                        $this: CALL 'public final fun EQEQ (arg0: kotlin.Any?, arg1: kotlin.Any?): kotlin.Boolean declared in kotlin.internal.ir' type=kotlin.Boolean origin=null
                                                          arg0: GET_VAR 'val tmp1_safe_receiver: com.example.farmforward.appActivity.userActivity.login.LoginView? [val] declared in com.example.farmforward.appActivity.userActivity.login.LoginController.handleLogin.<no name provided>.invokeSuspend$lambda$0.<no name provided>.invokeSuspend.<no name provided>.invokeSuspend' type=com.example.farmforward.appActivity.userActivity.login.LoginView? origin=null
                                                          arg1: CONST Null type=kotlin.Nothing? value=null
                                                    then: CALL 'public abstract fun startLoginSync (): kotlin.Unit declared in com.example.farmforward.appActivity.userActivity.login.LoginView' type=kotlin.Unit origin=null
                                                      $this: GET_VAR 'val tmp1_safe_receiver: com.example.farmforward.appActivity.userActivity.login.LoginView? [val] declared in com.example.farmforward.appActivity.userActivity.login.LoginController.handleLogin.<no name provided>.invokeSuspend$lambda$0.<no name provided>.invokeSuspend.<no name provided>.invokeSuspend' type=com.example.farmforward.appActivity.userActivity.login.LoginView? origin=null
                                                  BRANCH
                                                    if: CONST Boolean type=kotlin.Boolean value=true
                                                    then: CONST Null type=kotlin.Nothing? value=null
                                        FUN name:create visibility:public modality:FINAL <> ($this:com.example.farmforward.appActivity.userActivity.login.LoginController.handleLogin.<no name provided>.invokeSuspend$lambda$0.<no name provided>.invokeSuspend.<no name provided>, value:kotlin.Any?, $completion:kotlin.coroutines.Continuation<kotlin.Nothing>) returnType:kotlin.coroutines.Continuation<kotlin.Unit>
                                          overridden:
                                            public open fun create (value: kotlin.Any?, $completion: kotlin.coroutines.Continuation<kotlin.Nothing>): kotlin.coroutines.Continuation<kotlin.Unit> declared in kotlin.coroutines.jvm.internal.SuspendLambda
                                          $this: VALUE_PARAMETER INSTANCE_RECEIVER name:<this> type:com.example.farmforward.appActivity.userActivity.login.LoginController.handleLogin.<no name provided>.invokeSuspend$lambda$0.<no name provided>.invokeSuspend.<no name provided>
                                          VALUE_PARAMETER name:value index:0 type:kotlin.Any?
                                          VALUE_PARAMETER name:$completion index:1 type:kotlin.coroutines.Continuation<kotlin.Nothing>
                                          BLOCK_BODY
                                            RETURN type=kotlin.Nothing from='public final fun create (value: kotlin.Any?, $completion: kotlin.coroutines.Continuation<kotlin.Nothing>): kotlin.coroutines.Continuation<kotlin.Unit> declared in com.example.farmforward.appActivity.userActivity.login.LoginController.handleLogin.<no name provided>.invokeSuspend$lambda$0.<no name provided>.invokeSuspend.<no name provided>'
                                              CONSTRUCTOR_CALL 'public/*package*/ constructor <init> (this$0: com.example.farmforward.appActivity.userActivity.login.LoginController, $completion: kotlin.coroutines.Continuation<com.example.farmforward.appActivity.userActivity.login.LoginController.handleLogin.<no name provided>.invokeSuspend$lambda$0.<no name provided>.invokeSuspend.<no name provided>>?) [primary] declared in com.example.farmforward.appActivity.userActivity.login.LoginController.handleLogin.<no name provided>.invokeSuspend$lambda$0.<no name provided>.invokeSuspend.<no name provided>' type=com.example.farmforward.appActivity.userActivity.login.LoginController.handleLogin.<no name provided>.invokeSuspend$lambda$0.<no name provided>.invokeSuspend.<no name provided> origin=null
                                                this$0: GET_FIELD 'FIELD FIELD_FOR_CAPTURED_VALUE name:this$0 type:com.example.farmforward.appActivity.userActivity.login.LoginController visibility:public/*package*/ [final] declared in com.example.farmforward.appActivity.userActivity.login.LoginController.handleLogin.<no name provided>.invokeSuspend$lambda$0.<no name provided>.invokeSuspend.<no name provided>' type=com.example.farmforward.appActivity.userActivity.login.LoginController origin=null
                                                  receiver: GET_VAR '<this>: com.example.farmforward.appActivity.userActivity.login.LoginController.handleLogin.<no name provided>.invokeSuspend$lambda$0.<no name provided>.invokeSuspend.<no name provided> declared in com.example.farmforward.appActivity.userActivity.login.LoginController.handleLogin.<no name provided>.invokeSuspend$lambda$0.<no name provided>.invokeSuspend.<no name provided>.create' type=com.example.farmforward.appActivity.userActivity.login.LoginController.handleLogin.<no name provided>.invokeSuspend$lambda$0.<no name provided>.invokeSuspend.<no name provided> origin=null
                                                $completion: GET_VAR '$completion: kotlin.coroutines.Continuation<kotlin.Nothing> declared in com.example.farmforward.appActivity.userActivity.login.LoginController.handleLogin.<no name provided>.invokeSuspend$lambda$0.<no name provided>.invokeSuspend.<no name provided>.create' type=kotlin.coroutines.Continuation<kotlin.Nothing> origin=null
                                        FUN name:invoke visibility:public modality:FINAL <> ($this:com.example.farmforward.appActivity.userActivity.login.LoginController.handleLogin.<no name provided>.invokeSuspend$lambda$0.<no name provided>.invokeSuspend.<no name provided>, p1:kotlinx.coroutines.CoroutineScope, p2:kotlin.coroutines.Continuation<kotlin.Unit>?) returnType:kotlin.Any?
                                          overridden:
                                            public abstract fun invoke (p1: P1 of kotlin.jvm.functions.Function2, p2: P2 of kotlin.jvm.functions.Function2): R of kotlin.jvm.functions.Function2 declared in kotlin.jvm.functions.Function2
                                          $this: VALUE_PARAMETER INSTANCE_RECEIVER name:<this> type:com.example.farmforward.appActivity.userActivity.login.LoginController.handleLogin.<no name provided>.invokeSuspend$lambda$0.<no name provided>.invokeSuspend.<no name provided>
                                          VALUE_PARAMETER name:p1 index:0 type:kotlinx.coroutines.CoroutineScope
                                          VALUE_PARAMETER name:p2 index:1 type:kotlin.coroutines.Continuation<kotlin.Unit>?
                                          BLOCK_BODY
                                            RETURN type=kotlin.Nothing from='public final fun invoke (p1: kotlinx.coroutines.CoroutineScope, p2: kotlin.coroutines.Continuation<kotlin.Unit>?): kotlin.Any? declared in com.example.farmforward.appActivity.userActivity.login.LoginController.handleLogin.<no name provided>.invokeSuspend$lambda$0.<no name provided>.invokeSuspend.<no name provided>'
                                              CALL 'public final fun invokeSuspend ($result: kotlin.Result<kotlin.Any?>): kotlin.Any? declared in com.example.farmforward.appActivity.userActivity.login.LoginController.handleLogin.<no name provided>.invokeSuspend$lambda$0.<no name provided>.invokeSuspend.<no name provided>' type=kotlin.Any? origin=null
                                                $this: TYPE_OP type=com.example.farmforward.appActivity.userActivity.login.LoginController.handleLogin.<no name provided>.invokeSuspend$lambda$0.<no name provided>.invokeSuspend.<no name provided> origin=IMPLICIT_CAST typeOperand=com.example.farmforward.appActivity.userActivity.login.LoginController.handleLogin.<no name provided>.invokeSuspend$lambda$0.<no name provided>.invokeSuspend.<no name provided>
                                                  CALL 'public final fun create (value: kotlin.Any?, $completion: kotlin.coroutines.Continuation<kotlin.Nothing>): kotlin.coroutines.Continuation<kotlin.Unit> declared in com.example.farmforward.appActivity.userActivity.login.LoginController.handleLogin.<no name provided>.invokeSuspend$lambda$0.<no name provided>.invokeSuspend.<no name provided>' type=kotlin.coroutines.Continuation<kotlin.Unit> origin=null
                                                    $this: GET_VAR '<this>: com.example.farmforward.appActivity.userActivity.login.LoginController.handleLogin.<no name provided>.invokeSuspend$lambda$0.<no name provided>.invokeSuspend.<no name provided> declared in com.example.farmforward.appActivity.userActivity.login.LoginController.handleLogin.<no name provided>.invokeSuspend$lambda$0.<no name provided>.invokeSuspend.<no name provided>.invoke' type=com.example.farmforward.appActivity.userActivity.login.LoginController.handleLogin.<no name provided>.invokeSuspend$lambda$0.<no name provided>.invokeSuspend.<no name provided> origin=null
                                                    value: GET_VAR 'p1: kotlinx.coroutines.CoroutineScope declared in com.example.farmforward.appActivity.userActivity.login.LoginController.handleLogin.<no name provided>.invokeSuspend$lambda$0.<no name provided>.invokeSuspend.<no name provided>.invoke' type=kotlinx.coroutines.CoroutineScope origin=null
                                                    $completion: GET_VAR 'p2: kotlin.coroutines.Continuation<kotlin.Unit>? declared in com.example.farmforward.appActivity.userActivity.login.LoginController.handleLogin.<no name provided>.invokeSuspend$lambda$0.<no name provided>.invokeSuspend.<no name provided>.invoke' type=kotlin.coroutines.Continuation<kotlin.Unit>? origin=null
                                                $result: CALL 'public final fun <unsafe-coerce> <T, R> (v: T of kotlin.jvm.internal.<unsafe-coerce>): R of kotlin.jvm.internal.<unsafe-coerce> declared in kotlin.jvm.internal' type=kotlin.Result<kotlin.Any?> origin=null
                                                  <T>: kotlin.Any?
                                                  <R>: kotlin.Result<kotlin.Any?>
                                                  v: GET_FIELD 'FIELD FIELD_FOR_OBJECT_INSTANCE name:INSTANCE type:kotlin.Unit visibility:public [final,static] declared in kotlin.Unit' type=kotlin.Unit origin=null
                                        FIELD FIELD_FOR_CAPTURED_VALUE name:this$0 type:com.example.farmforward.appActivity.userActivity.login.LoginController visibility:public/*package*/ [final]
                                        FUN BRIDGE name:invoke visibility:public modality:OPEN <> ($this:com.example.farmforward.appActivity.userActivity.login.LoginController.handleLogin.<no name provided>.invokeSuspend$lambda$0.<no name provided>.invokeSuspend.<no name provided>, p1:kotlin.Any?, p2:kotlin.Any?) returnType:kotlin.Any?
                                          $this: VALUE_PARAMETER INSTANCE_RECEIVER name:<this> type:com.example.farmforward.appActivity.userActivity.login.LoginController.handleLogin.<no name provided>.invokeSuspend$lambda$0.<no name provided>.invokeSuspend.<no name provided>
                                          VALUE_PARAMETER BRIDGE name:p1 index:0 type:kotlin.Any?
                                          VALUE_PARAMETER BRIDGE name:p2 index:1 type:kotlin.Any?
                                          EXPRESSION_BODY
                                            RETURN type=kotlin.Nothing from='public open fun invoke (p1: kotlin.Any?, p2: kotlin.Any?): kotlin.Any? declared in com.example.farmforward.appActivity.userActivity.login.LoginController.handleLogin.<no name provided>.invokeSuspend$lambda$0.<no name provided>.invokeSuspend.<no name provided>'
                                              CALL 'public final fun invoke (p1: kotlinx.coroutines.CoroutineScope, p2: kotlin.coroutines.Continuation<kotlin.Unit>?): kotlin.Any? declared in com.example.farmforward.appActivity.userActivity.login.LoginController.handleLogin.<no name provided>.invokeSuspend$lambda$0.<no name provided>.invokeSuspend.<no name provided>' type=kotlin.Any? origin=BRIDGE_DELEGATION
                                                $this: GET_VAR '<this>: com.example.farmforward.appActivity.userActivity.login.LoginController.handleLogin.<no name provided>.invokeSuspend$lambda$0.<no name provided>.invokeSuspend.<no name provided> declared in com.example.farmforward.appActivity.userActivity.login.LoginController.handleLogin.<no name provided>.invokeSuspend$lambda$0.<no name provided>.invokeSuspend.<no name provided>.invoke' type=com.example.farmforward.appActivity.userActivity.login.LoginController.handleLogin.<no name provided>.invokeSuspend$lambda$0.<no name provided>.invokeSuspend.<no name provided> origin=null
                                                p1: TYPE_OP type=kotlinx.coroutines.CoroutineScope origin=IMPLICIT_CAST typeOperand=kotlinx.coroutines.CoroutineScope
                                                  GET_VAR 'p1: kotlin.Any? declared in com.example.farmforward.appActivity.userActivity.login.LoginController.handleLogin.<no name provided>.invokeSuspend$lambda$0.<no name provided>.invokeSuspend.<no name provided>.invoke' type=kotlin.Any? origin=null
                                                p2: TYPE_OP type=kotlin.coroutines.Continuation<*> origin=IMPLICIT_CAST typeOperand=kotlin.coroutines.Continuation<*>
                                                  GET_VAR 'p2: kotlin.Any? declared in com.example.farmforward.appActivity.userActivity.login.LoginController.handleLogin.<no name provided>.invokeSuspend$lambda$0.<no name provided>.invokeSuspend.<no name provided>.invoke' type=kotlin.Any? origin=null
                                      CONSTRUCTOR_CALL 'public/*package*/ constructor <init> (this$0: com.example.farmforward.appActivity.userActivity.login.LoginController, $completion: kotlin.coroutines.Continuation<com.example.farmforward.appActivity.userActivity.login.LoginController.handleLogin.<no name provided>.invokeSuspend$lambda$0.<no name provided>.invokeSuspend.<no name provided>>?) [primary] declared in com.example.farmforward.appActivity.userActivity.login.LoginController.handleLogin.<no name provided>.invokeSuspend$lambda$0.<no name provided>.invokeSuspend.<no name provided>' type=com.example.farmforward.appActivity.userActivity.login.LoginController.handleLogin.<no name provided>.invokeSuspend$lambda$0.<no name provided>.invokeSuspend.<no name provided> origin=null
                                        this$0: GET_FIELD 'FIELD FIELD_FOR_CAPTURED_VALUE name:this$0 type:com.example.farmforward.appActivity.userActivity.login.LoginController visibility:public/*package*/ [final] declared in com.example.farmforward.appActivity.userActivity.login.LoginController.handleLogin.<no name provided>.invokeSuspend$lambda$0.<no name provided>' type=com.example.farmforward.appActivity.userActivity.login.LoginController origin=null
                                          receiver: GET_VAR '<this>: com.example.farmforward.appActivity.userActivity.login.LoginController.handleLogin.<no name provided>.invokeSuspend$lambda$0.<no name provided> declared in com.example.farmforward.appActivity.userActivity.login.LoginController.handleLogin.<no name provided>.invokeSuspend$lambda$0.<no name provided>.invokeSuspend' type=com.example.farmforward.appActivity.userActivity.login.LoginController.handleLogin.<no name provided>.invokeSuspend$lambda$0.<no name provided> origin=null
                                        $completion: CONST Null type=kotlin.Nothing? value=null
                                    $completion: GET_VAR '<this>: com.example.farmforward.appActivity.userActivity.login.LoginController.handleLogin.<no name provided>.invokeSuspend$lambda$0.<no name provided> declared in com.example.farmforward.appActivity.userActivity.login.LoginController.handleLogin.<no name provided>.invokeSuspend$lambda$0.<no name provided>.invokeSuspend' type=com.example.farmforward.appActivity.userActivity.login.LoginController.handleLogin.<no name provided>.invokeSuspend$lambda$0.<no name provided> origin=null
                              BRANCH
                                if: CONST Boolean type=kotlin.Boolean value=true
                                then: BLOCK type=kotlin.Unit origin=null
                                  CALL 'public final fun withContext <T> (context: kotlin.coroutines.CoroutineContext, block: @[ExtensionFunctionType] kotlin.coroutines.SuspendFunction1<kotlinx.coroutines.CoroutineScope, T of kotlinx.coroutines.BuildersKt.withContext>, $completion: kotlin.coroutines.Continuation<T of kotlinx.coroutines.BuildersKt.withContext>): kotlin.Any? [suspend] declared in kotlinx.coroutines.BuildersKt' type=kotlin.Unit origin=null
                                    <T>: kotlin.Unit
                                    context: CALL 'public final fun <get-Main> (): kotlinx.coroutines.MainCoroutineDispatcher declared in kotlinx.coroutines.Dispatchers' type=kotlinx.coroutines.MainCoroutineDispatcher origin=GET_PROPERTY
                                    block: BLOCK type=com.example.farmforward.appActivity.userActivity.login.LoginController.handleLogin.<no name provided>.invokeSuspend$lambda$0.<no name provided>.invokeSuspend.<no name provided> origin=null
                                      CLASS SUSPEND_LAMBDA CLASS name:<no name provided> modality:FINAL visibility:public/*package*/ superTypes:[kotlin.coroutines.jvm.internal.SuspendLambda; kotlin.jvm.functions.Function2<kotlinx.coroutines.CoroutineScope, kotlin.coroutines.Continuation<kotlin.Unit>?, kotlin.Any?>]
                                        $this: VALUE_PARAMETER INSTANCE_RECEIVER name:<this> type:com.example.farmforward.appActivity.userActivity.login.LoginController.handleLogin.<no name provided>.invokeSuspend$lambda$0.<no name provided>.invokeSuspend.<no name provided>
                                        FIELD name:label type:kotlin.Int visibility:public/*package*/
                                        CONSTRUCTOR SUSPEND_LAMBDA visibility:public/*package*/ <> (this$0:com.example.farmforward.appActivity.userActivity.login.LoginController, $completion:kotlin.coroutines.Continuation<com.example.farmforward.appActivity.userActivity.login.LoginController.handleLogin.<no name provided>.invokeSuspend$lambda$0.<no name provided>.invokeSuspend.<no name provided>>?) returnType:com.example.farmforward.appActivity.userActivity.login.LoginController.handleLogin.<no name provided>.invokeSuspend$lambda$0.<no name provided>.invokeSuspend.<no name provided> [primary]
                                          VALUE_PARAMETER BOUND_RECEIVER_PARAMETER name:this$0 index:0 type:com.example.farmforward.appActivity.userActivity.login.LoginController
                                          VALUE_PARAMETER name:$completion index:1 type:kotlin.coroutines.Continuation<com.example.farmforward.appActivity.userActivity.login.LoginController.handleLogin.<no name provided>.invokeSuspend$lambda$0.<no name provided>.invokeSuspend.<no name provided>>?
                                          BLOCK_BODY
                                            SET_FIELD 'FIELD FIELD_FOR_CAPTURED_VALUE name:this$0 type:com.example.farmforward.appActivity.userActivity.login.LoginController visibility:public/*package*/ [final] declared in com.example.farmforward.appActivity.userActivity.login.LoginController.handleLogin.<no name provided>.invokeSuspend$lambda$0.<no name provided>.invokeSuspend.<no name provided>' type=kotlin.Unit origin=INITIALIZER_OF_FIELD_FOR_CAPTURED_VALUE
                                              receiver: GET_VAR '<this>: com.example.farmforward.appActivity.userActivity.login.LoginController.handleLogin.<no name provided>.invokeSuspend$lambda$0.<no name provided>.invokeSuspend.<no name provided> declared in com.example.farmforward.appActivity.userActivity.login.LoginController.handleLogin.<no name provided>.invokeSuspend$lambda$0.<no name provided>.invokeSuspend.<no name provided>' type=com.example.farmforward.appActivity.userActivity.login.LoginController.handleLogin.<no name provided>.invokeSuspend$lambda$0.<no name provided>.invokeSuspend.<no name provided> origin=null
                                              value: GET_VAR 'this$0: com.example.farmforward.appActivity.userActivity.login.LoginController declared in com.example.farmforward.appActivity.userActivity.login.LoginController.handleLogin.<no name provided>.invokeSuspend$lambda$0.<no name provided>.invokeSuspend.<no name provided>.<init>' type=com.example.farmforward.appActivity.userActivity.login.LoginController origin=null
                                            DELEGATING_CONSTRUCTOR_CALL 'public constructor <init> (arity: kotlin.Int, $completion: kotlin.coroutines.Continuation<kotlin.Any?>?) declared in kotlin.coroutines.jvm.internal.SuspendLambda'
                                              arity: CONST Int type=kotlin.Int value=2
                                              $completion: GET_VAR '$completion: kotlin.coroutines.Continuation<com.example.farmforward.appActivity.userActivity.login.LoginController.handleLogin.<no name provided>.invokeSuspend$lambda$0.<no name provided>.invokeSuspend.<no name provided>>? declared in com.example.farmforward.appActivity.userActivity.login.LoginController.handleLogin.<no name provided>.invokeSuspend$lambda$0.<no name provided>.invokeSuspend.<no name provided>.<init>' type=kotlin.coroutines.Continuation<com.example.farmforward.appActivity.userActivity.login.LoginController.handleLogin.<no name provided>.invokeSuspend$lambda$0.<no name provided>.invokeSuspend.<no name provided>>? origin=null
                                            BLOCK type=kotlin.Unit origin=null
                                        FUN name:invokeSuspend visibility:public modality:FINAL <> ($this:com.example.farmforward.appActivity.userActivity.login.LoginController.handleLogin.<no name provided>.invokeSuspend$lambda$0.<no name provided>.invokeSuspend.<no name provided>, $result:kotlin.Result<kotlin.Any?>) returnType:kotlin.Any?
                                          overridden:
                                            protected abstract fun invokeSuspend ($result: kotlin.Result<kotlin.Any?>): kotlin.Any? declared in kotlin.coroutines.jvm.internal.SuspendLambda
                                          $this: VALUE_PARAMETER INSTANCE_RECEIVER name:<this> type:com.example.farmforward.appActivity.userActivity.login.LoginController.handleLogin.<no name provided>.invokeSuspend$lambda$0.<no name provided>.invokeSuspend.<no name provided>
                                          VALUE_PARAMETER name:$result index:0 type:kotlin.Result<kotlin.Any?>
                                          BLOCK_BODY
                                            COMPOSITE type=kotlin.Unit origin=null
                                              BLOCK type=kotlin.Unit? origin=FOLDED_SAFE_CALL
                                                WHEN type=kotlin.Unit? origin=FOLDED_SAFE_CALL
                                                  BRANCH
                                                    if: COMPOSITE type=kotlin.Boolean origin=null
                                                      VAR IR_TEMPORARY_VARIABLE name:tmp0_safe_receiver type:com.example.farmforward.appActivity.userActivity.login.LoginView? [val]
                                                        CALL 'public final fun access$getView$p ($this: com.example.farmforward.appActivity.userActivity.login.LoginController): com.example.farmforward.appActivity.userActivity.login.LoginView? declared in com.example.farmforward.appActivity.userActivity.login.LoginController' type=com.example.farmforward.appActivity.userActivity.login.LoginView? origin=null
                                                          $this: GET_FIELD 'FIELD FIELD_FOR_CAPTURED_VALUE name:this$0 type:com.example.farmforward.appActivity.userActivity.login.LoginController visibility:public/*package*/ [final] declared in com.example.farmforward.appActivity.userActivity.login.LoginController.handleLogin.<no name provided>.invokeSuspend$lambda$0.<no name provided>.invokeSuspend.<no name provided>' type=com.example.farmforward.appActivity.userActivity.login.LoginController origin=null
                                                            receiver: GET_VAR '<this>: com.example.farmforward.appActivity.userActivity.login.LoginController.handleLogin.<no name provided>.invokeSuspend$lambda$0.<no name provided>.invokeSuspend.<no name provided> declared in com.example.farmforward.appActivity.userActivity.login.LoginController.handleLogin.<no name provided>.invokeSuspend$lambda$0.<no name provided>.invokeSuspend.<no name provided>.invokeSuspend' type=com.example.farmforward.appActivity.userActivity.login.LoginController.handleLogin.<no name provided>.invokeSuspend$lambda$0.<no name provided>.invokeSuspend.<no name provided> origin=null
                                                      CALL 'public final fun not (): kotlin.Boolean [operator] declared in kotlin.Boolean' type=kotlin.Boolean origin=null
                                                        $this: CALL 'public final fun EQEQ (arg0: kotlin.Any?, arg1: kotlin.Any?): kotlin.Boolean declared in kotlin.internal.ir' type=kotlin.Boolean origin=null
                                                          arg0: GET_VAR 'val tmp0_safe_receiver: com.example.farmforward.appActivity.userActivity.login.LoginView? [val] declared in com.example.farmforward.appActivity.userActivity.login.LoginController.handleLogin.<no name provided>.invokeSuspend$lambda$0.<no name provided>.invokeSuspend.<no name provided>.invokeSuspend' type=com.example.farmforward.appActivity.userActivity.login.LoginView? origin=null
                                                          arg1: CONST Null type=kotlin.Nothing? value=null
                                                    then: CALL 'public abstract fun showToast (message: kotlin.String, isError: kotlin.Boolean): kotlin.Unit declared in com.example.farmforward.appActivity.userActivity.login.LoginView' type=kotlin.Unit origin=null
                                                      $this: GET_VAR 'val tmp0_safe_receiver: com.example.farmforward.appActivity.userActivity.login.LoginView? [val] declared in com.example.farmforward.appActivity.userActivity.login.LoginController.handleLogin.<no name provided>.invokeSuspend$lambda$0.<no name provided>.invokeSuspend.<no name provided>.invokeSuspend' type=com.example.farmforward.appActivity.userActivity.login.LoginView? origin=null
                                                      message: CONST String type=kotlin.String value="Error: Could not save user data locally."
                                                      isError: CONST Boolean type=kotlin.Boolean value=true
                                                  BRANCH
                                                    if: CONST Boolean type=kotlin.Boolean value=true
                                                    then: CONST Null type=kotlin.Nothing? value=null
                                        FUN name:create visibility:public modality:FINAL <> ($this:com.example.farmforward.appActivity.userActivity.login.LoginController.handleLogin.<no name provided>.invokeSuspend$lambda$0.<no name provided>.invokeSuspend.<no name provided>, value:kotlin.Any?, $completion:kotlin.coroutines.Continuation<kotlin.Nothing>) returnType:kotlin.coroutines.Continuation<kotlin.Unit>
                                          overridden:
                                            public open fun create (value: kotlin.Any?, $completion: kotlin.coroutines.Continuation<kotlin.Nothing>): kotlin.coroutines.Continuation<kotlin.Unit> declared in kotlin.coroutines.jvm.internal.SuspendLambda
                                          $this: VALUE_PARAMETER INSTANCE_RECEIVER name:<this> type:com.example.farmforward.appActivity.userActivity.login.LoginController.handleLogin.<no name provided>.invokeSuspend$lambda$0.<no name provided>.invokeSuspend.<no name provided>
                                          VALUE_PARAMETER name:value index:0 type:kotlin.Any?
                                          VALUE_PARAMETER name:$completion index:1 type:kotlin.coroutines.Continuation<kotlin.Nothing>
                                          BLOCK_BODY
                                            RETURN type=kotlin.Nothing from='public final fun create (value: kotlin.Any?, $completion: kotlin.coroutines.Continuation<kotlin.Nothing>): kotlin.coroutines.Continuation<kotlin.Unit> declared in com.example.farmforward.appActivity.userActivity.login.LoginController.handleLogin.<no name provided>.invokeSuspend$lambda$0.<no name provided>.invokeSuspend.<no name provided>'
                                              CONSTRUCTOR_CALL 'public/*package*/ constructor <init> (this$0: com.example.farmforward.appActivity.userActivity.login.LoginController, $completion: kotlin.coroutines.Continuation<com.example.farmforward.appActivity.userActivity.login.LoginController.handleLogin.<no name provided>.invokeSuspend$lambda$0.<no name provided>.invokeSuspend.<no name provided>>?) [primary] declared in com.example.farmforward.appActivity.userActivity.login.LoginController.handleLogin.<no name provided>.invokeSuspend$lambda$0.<no name provided>.invokeSuspend.<no name provided>' type=com.example.farmforward.appActivity.userActivity.login.LoginController.handleLogin.<no name provided>.invokeSuspend$lambda$0.<no name provided>.invokeSuspend.<no name provided> origin=null
                                                this$0: GET_FIELD 'FIELD FIELD_FOR_CAPTURED_VALUE name:this$0 type:com.example.farmforward.appActivity.userActivity.login.LoginController visibility:public/*package*/ [final] declared in com.example.farmforward.appActivity.userActivity.login.LoginController.handleLogin.<no name provided>.invokeSuspend$lambda$0.<no name provided>.invokeSuspend.<no name provided>' type=com.example.farmforward.appActivity.userActivity.login.LoginController origin=null
                                                  receiver: GET_VAR '<this>: com.example.farmforward.appActivity.userActivity.login.LoginController.handleLogin.<no name provided>.invokeSuspend$lambda$0.<no name provided>.invokeSuspend.<no name provided> declared in com.example.farmforward.appActivity.userActivity.login.LoginController.handleLogin.<no name provided>.invokeSuspend$lambda$0.<no name provided>.invokeSuspend.<no name provided>.create' type=com.example.farmforward.appActivity.userActivity.login.LoginController.handleLogin.<no name provided>.invokeSuspend$lambda$0.<no name provided>.invokeSuspend.<no name provided> origin=null
                                                $completion: GET_VAR '$completion: kotlin.coroutines.Continuation<kotlin.Nothing> declared in com.example.farmforward.appActivity.userActivity.login.LoginController.handleLogin.<no name provided>.invokeSuspend$lambda$0.<no name provided>.invokeSuspend.<no name provided>.create' type=kotlin.coroutines.Continuation<kotlin.Nothing> origin=null
                                        FUN name:invoke visibility:public modality:FINAL <> ($this:com.example.farmforward.appActivity.userActivity.login.LoginController.handleLogin.<no name provided>.invokeSuspend$lambda$0.<no name provided>.invokeSuspend.<no name provided>, p1:kotlinx.coroutines.CoroutineScope, p2:kotlin.coroutines.Continuation<kotlin.Unit>?) returnType:kotlin.Any?
                                          overridden:
                                            public abstract fun invoke (p1: P1 of kotlin.jvm.functions.Function2, p2: P2 of kotlin.jvm.functions.Function2): R of kotlin.jvm.functions.Function2 declared in kotlin.jvm.functions.Function2
                                          $this: VALUE_PARAMETER INSTANCE_RECEIVER name:<this> type:com.example.farmforward.appActivity.userActivity.login.LoginController.handleLogin.<no name provided>.invokeSuspend$lambda$0.<no name provided>.invokeSuspend.<no name provided>
                                          VALUE_PARAMETER name:p1 index:0 type:kotlinx.coroutines.CoroutineScope
                                          VALUE_PARAMETER name:p2 index:1 type:kotlin.coroutines.Continuation<kotlin.Unit>?
                                          BLOCK_BODY
                                            RETURN type=kotlin.Nothing from='public final fun invoke (p1: kotlinx.coroutines.CoroutineScope, p2: kotlin.coroutines.Continuation<kotlin.Unit>?): kotlin.Any? declared in com.example.farmforward.appActivity.userActivity.login.LoginController.handleLogin.<no name provided>.invokeSuspend$lambda$0.<no name provided>.invokeSuspend.<no name provided>'
                                              CALL 'public final fun invokeSuspend ($result: kotlin.Result<kotlin.Any?>): kotlin.Any? declared in com.example.farmforward.appActivity.userActivity.login.LoginController.handleLogin.<no name provided>.invokeSuspend$lambda$0.<no name provided>.invokeSuspend.<no name provided>' type=kotlin.Any? origin=null
                                                $this: TYPE_OP type=com.example.farmforward.appActivity.userActivity.login.LoginController.handleLogin.<no name provided>.invokeSuspend$lambda$0.<no name provided>.invokeSuspend.<no name provided> origin=IMPLICIT_CAST typeOperand=com.example.farmforward.appActivity.userActivity.login.LoginController.handleLogin.<no name provided>.invokeSuspend$lambda$0.<no name provided>.invokeSuspend.<no name provided>
                                                  CALL 'public final fun create (value: kotlin.Any?, $completion: kotlin.coroutines.Continuation<kotlin.Nothing>): kotlin.coroutines.Continuation<kotlin.Unit> declared in com.example.farmforward.appActivity.userActivity.login.LoginController.handleLogin.<no name provided>.invokeSuspend$lambda$0.<no name provided>.invokeSuspend.<no name provided>' type=kotlin.coroutines.Continuation<kotlin.Unit> origin=null
                                                    $this: GET_VAR '<this>: com.example.farmforward.appActivity.userActivity.login.LoginController.handleLogin.<no name provided>.invokeSuspend$lambda$0.<no name provided>.invokeSuspend.<no name provided> declared in com.example.farmforward.appActivity.userActivity.login.LoginController.handleLogin.<no name provided>.invokeSuspend$lambda$0.<no name provided>.invokeSuspend.<no name provided>.invoke' type=com.example.farmforward.appActivity.userActivity.login.LoginController.handleLogin.<no name provided>.invokeSuspend$lambda$0.<no name provided>.invokeSuspend.<no name provided> origin=null
                                                    value: GET_VAR 'p1: kotlinx.coroutines.CoroutineScope declared in com.example.farmforward.appActivity.userActivity.login.LoginController.handleLogin.<no name provided>.invokeSuspend$lambda$0.<no name provided>.invokeSuspend.<no name provided>.invoke' type=kotlinx.coroutines.CoroutineScope origin=null
                                                    $completion: GET_VAR 'p2: kotlin.coroutines.Continuation<kotlin.Unit>? declared in com.example.farmforward.appActivity.userActivity.login.LoginController.handleLogin.<no name provided>.invokeSuspend$lambda$0.<no name provided>.invokeSuspend.<no name provided>.invoke' type=kotlin.coroutines.Continuation<kotlin.Unit>? origin=null
                                                $result: CALL 'public final fun <unsafe-coerce> <T, R> (v: T of kotlin.jvm.internal.<unsafe-coerce>): R of kotlin.jvm.internal.<unsafe-coerce> declared in kotlin.jvm.internal' type=kotlin.Result<kotlin.Any?> origin=null
                                                  <T>: kotlin.Any?
                                                  <R>: kotlin.Result<kotlin.Any?>
                                                  v: GET_FIELD 'FIELD FIELD_FOR_OBJECT_INSTANCE name:INSTANCE type:kotlin.Unit visibility:public [final,static] declared in kotlin.Unit' type=kotlin.Unit origin=null
                                        FIELD FIELD_FOR_CAPTURED_VALUE name:this$0 type:com.example.farmforward.appActivity.userActivity.login.LoginController visibility:public/*package*/ [final]
                                        FUN BRIDGE name:invoke visibility:public modality:OPEN <> ($this:com.example.farmforward.appActivity.userActivity.login.LoginController.handleLogin.<no name provided>.invokeSuspend$lambda$0.<no name provided>.invokeSuspend.<no name provided>, p1:kotlin.Any?, p2:kotlin.Any?) returnType:kotlin.Any?
                                          $this: VALUE_PARAMETER INSTANCE_RECEIVER name:<this> type:com.example.farmforward.appActivity.userActivity.login.LoginController.handleLogin.<no name provided>.invokeSuspend$lambda$0.<no name provided>.invokeSuspend.<no name provided>
                                          VALUE_PARAMETER BRIDGE name:p1 index:0 type:kotlin.Any?
                                          VALUE_PARAMETER BRIDGE name:p2 index:1 type:kotlin.Any?
                                          EXPRESSION_BODY
                                            RETURN type=kotlin.Nothing from='public open fun invoke (p1: kotlin.Any?, p2: kotlin.Any?): kotlin.Any? declared in com.example.farmforward.appActivity.userActivity.login.LoginController.handleLogin.<no name provided>.invokeSuspend$lambda$0.<no name provided>.invokeSuspend.<no name provided>'
                                              CALL 'public final fun invoke (p1: kotlinx.coroutines.CoroutineScope, p2: kotlin.coroutines.Continuation<kotlin.Unit>?): kotlin.Any? declared in com.example.farmforward.appActivity.userActivity.login.LoginController.handleLogin.<no name provided>.invokeSuspend$lambda$0.<no name provided>.invokeSuspend.<no name provided>' type=kotlin.Any? origin=BRIDGE_DELEGATION
                                                $this: GET_VAR '<this>: com.example.farmforward.appActivity.userActivity.login.LoginController.handleLogin.<no name provided>.invokeSuspend$lambda$0.<no name provided>.invokeSuspend.<no name provided> declared in com.example.farmforward.appActivity.userActivity.login.LoginController.handleLogin.<no name provided>.invokeSuspend$lambda$0.<no name provided>.invokeSuspend.<no name provided>.invoke' type=com.example.farmforward.appActivity.userActivity.login.LoginController.handleLogin.<no name provided>.invokeSuspend$lambda$0.<no name provided>.invokeSuspend.<no name provided> origin=null
                                                p1: TYPE_OP type=kotlinx.coroutines.CoroutineScope origin=IMPLICIT_CAST typeOperand=kotlinx.coroutines.CoroutineScope
                                                  GET_VAR 'p1: kotlin.Any? declared in com.example.farmforward.appActivity.userActivity.login.LoginController.handleLogin.<no name provided>.invokeSuspend$lambda$0.<no name provided>.invokeSuspend.<no name provided>.invoke' type=kotlin.Any? origin=null
                                                p2: TYPE_OP type=kotlin.coroutines.Continuation<*> origin=IMPLICIT_CAST typeOperand=kotlin.coroutines.Continuation<*>
                                                  GET_VAR 'p2: kotlin.Any? declared in com.example.farmforward.appActivity.userActivity.login.LoginController.handleLogin.<no name provided>.invokeSuspend$lambda$0.<no name provided>.invokeSuspend.<no name provided>.invoke' type=kotlin.Any? origin=null
                                      CONSTRUCTOR_CALL 'public/*package*/ constructor <init> (this$0: com.example.farmforward.appActivity.userActivity.login.LoginController, $completion: kotlin.coroutines.Continuation<com.example.farmforward.appActivity.userActivity.login.LoginController.handleLogin.<no name provided>.invokeSuspend$lambda$0.<no name provided>.invokeSuspend.<no name provided>>?) [primary] declared in com.example.farmforward.appActivity.userActivity.login.LoginController.handleLogin.<no name provided>.invokeSuspend$lambda$0.<no name provided>.invokeSuspend.<no name provided>' type=com.example.farmforward.appActivity.userActivity.login.LoginController.handleLogin.<no name provided>.invokeSuspend$lambda$0.<no name provided>.invokeSuspend.<no name provided> origin=null
                                        this$0: GET_FIELD 'FIELD FIELD_FOR_CAPTURED_VALUE name:this$0 type:com.example.farmforward.appActivity.userActivity.login.LoginController visibility:public/*package*/ [final] declared in com.example.farmforward.appActivity.userActivity.login.LoginController.handleLogin.<no name provided>.invokeSuspend$lambda$0.<no name provided>' type=com.example.farmforward.appActivity.userActivity.login.LoginController origin=null
                                          receiver: GET_VAR '<this>: com.example.farmforward.appActivity.userActivity.login.LoginController.handleLogin.<no name provided>.invokeSuspend$lambda$0.<no name provided> declared in com.example.farmforward.appActivity.userActivity.login.LoginController.handleLogin.<no name provided>.invokeSuspend$lambda$0.<no name provided>.invokeSuspend' type=com.example.farmforward.appActivity.userActivity.login.LoginController.handleLogin.<no name provided>.invokeSuspend$lambda$0.<no name provided> origin=null
                                        $completion: CONST Null type=kotlin.Nothing? value=null
                                    $completion: GET_VAR '<this>: com.example.farmforward.appActivity.userActivity.login.LoginController.handleLogin.<no name provided>.invokeSuspend$lambda$0.<no name provided> declared in com.example.farmforward.appActivity.userActivity.login.LoginController.handleLogin.<no name provided>.invokeSuspend$lambda$0.<no name provided>.invokeSuspend' type=com.example.farmforward.appActivity.userActivity.login.LoginController.handleLogin.<no name provided>.invokeSuspend$lambda$0.<no name provided> origin=null
                        FUN name:create visibility:public modality:FINAL <> ($this:com.example.farmforward.appActivity.userActivity.login.LoginController.handleLogin.<no name provided>.invokeSuspend$lambda$0.<no name provided>, value:kotlin.Any?, $completion:kotlin.coroutines.Continuation<kotlin.Nothing>) returnType:kotlin.coroutines.Continuation<kotlin.Unit>
                          overridden:
                            public open fun create (value: kotlin.Any?, $completion: kotlin.coroutines.Continuation<kotlin.Nothing>): kotlin.coroutines.Continuation<kotlin.Unit> declared in kotlin.coroutines.jvm.internal.SuspendLambda
                          $this: VALUE_PARAMETER INSTANCE_RECEIVER name:<this> type:com.example.farmforward.appActivity.userActivity.login.LoginController.handleLogin.<no name provided>.invokeSuspend$lambda$0.<no name provided>
                          VALUE_PARAMETER name:value index:0 type:kotlin.Any?
                          VALUE_PARAMETER name:$completion index:1 type:kotlin.coroutines.Continuation<kotlin.Nothing>
                          BLOCK_BODY
                            RETURN type=kotlin.Nothing from='public final fun create (value: kotlin.Any?, $completion: kotlin.coroutines.Continuation<kotlin.Nothing>): kotlin.coroutines.Continuation<kotlin.Unit> declared in com.example.farmforward.appActivity.userActivity.login.LoginController.handleLogin.<no name provided>.invokeSuspend$lambda$0.<no name provided>'
                              CONSTRUCTOR_CALL 'public/*package*/ constructor <init> ($localUser: kotlin.jvm.internal.Ref.ObjectRef<com.example.farmforward.database.roomDatabase.User?>, $firebaseUser: com.google.firebase.auth.FirebaseUser?, $emailToUse: kotlin.jvm.internal.Ref.ObjectRef<kotlin.String?>, $password: kotlin.String, this$0: com.example.farmforward.appActivity.userActivity.login.LoginController, $isOfflineMode: kotlin.Boolean, $completion: kotlin.coroutines.Continuation<com.example.farmforward.appActivity.userActivity.login.LoginController.handleLogin.<no name provided>.invokeSuspend$lambda$0.<no name provided>>?) [primary] declared in com.example.farmforward.appActivity.userActivity.login.LoginController.handleLogin.<no name provided>.invokeSuspend$lambda$0.<no name provided>' type=com.example.farmforward.appActivity.userActivity.login.LoginController.handleLogin.<no name provided>.invokeSuspend$lambda$0.<no name provided> origin=null
                                $localUser: GET_FIELD 'FIELD FIELD_FOR_CAPTURED_VALUE name:$localUser type:kotlin.jvm.internal.Ref.ObjectRef<com.example.farmforward.database.roomDatabase.User?> visibility:public/*package*/ [final] declared in com.example.farmforward.appActivity.userActivity.login.LoginController.handleLogin.<no name provided>.invokeSuspend$lambda$0.<no name provided>' type=kotlin.jvm.internal.Ref.ObjectRef<com.example.farmforward.database.roomDatabase.User?> origin=null
                                  receiver: GET_VAR '<this>: com.example.farmforward.appActivity.userActivity.login.LoginController.handleLogin.<no name provided>.invokeSuspend$lambda$0.<no name provided> declared in com.example.farmforward.appActivity.userActivity.login.LoginController.handleLogin.<no name provided>.invokeSuspend$lambda$0.<no name provided>.create' type=com.example.farmforward.appActivity.userActivity.login.LoginController.handleLogin.<no name provided>.invokeSuspend$lambda$0.<no name provided> origin=null
                                $firebaseUser: GET_FIELD 'FIELD FIELD_FOR_CAPTURED_VALUE name:$firebaseUser type:com.google.firebase.auth.FirebaseUser? visibility:public/*package*/ [final] declared in com.example.farmforward.appActivity.userActivity.login.LoginController.handleLogin.<no name provided>.invokeSuspend$lambda$0.<no name provided>' type=com.google.firebase.auth.FirebaseUser? origin=null
                                  receiver: GET_VAR '<this>: com.example.farmforward.appActivity.userActivity.login.LoginController.handleLogin.<no name provided>.invokeSuspend$lambda$0.<no name provided> declared in com.example.farmforward.appActivity.userActivity.login.LoginController.handleLogin.<no name provided>.invokeSuspend$lambda$0.<no name provided>.create' type=com.example.farmforward.appActivity.userActivity.login.LoginController.handleLogin.<no name provided>.invokeSuspend$lambda$0.<no name provided> origin=null
                                $emailToUse: GET_FIELD 'FIELD FIELD_FOR_CAPTURED_VALUE name:$emailToUse type:kotlin.jvm.internal.Ref.ObjectRef<kotlin.String?> visibility:public/*package*/ [final] declared in com.example.farmforward.appActivity.userActivity.login.LoginController.handleLogin.<no name provided>.invokeSuspend$lambda$0.<no name provided>' type=kotlin.jvm.internal.Ref.ObjectRef<kotlin.String?> origin=null
                                  receiver: GET_VAR '<this>: com.example.farmforward.appActivity.userActivity.login.LoginController.handleLogin.<no name provided>.invokeSuspend$lambda$0.<no name provided> declared in com.example.farmforward.appActivity.userActivity.login.LoginController.handleLogin.<no name provided>.invokeSuspend$lambda$0.<no name provided>.create' type=com.example.farmforward.appActivity.userActivity.login.LoginController.handleLogin.<no name provided>.invokeSuspend$lambda$0.<no name provided> origin=null
                                $password: GET_FIELD 'FIELD FIELD_FOR_CAPTURED_VALUE name:$password type:kotlin.String visibility:public/*package*/ [final] declared in com.example.farmforward.appActivity.userActivity.login.LoginController.handleLogin.<no name provided>.invokeSuspend$lambda$0.<no name provided>' type=kotlin.String origin=null
                                  receiver: GET_VAR '<this>: com.example.farmforward.appActivity.userActivity.login.LoginController.handleLogin.<no name provided>.invokeSuspend$lambda$0.<no name provided> declared in com.example.farmforward.appActivity.userActivity.login.LoginController.handleLogin.<no name provided>.invokeSuspend$lambda$0.<no name provided>.create' type=com.example.farmforward.appActivity.userActivity.login.LoginController.handleLogin.<no name provided>.invokeSuspend$lambda$0.<no name provided> origin=null
                                this$0: GET_FIELD 'FIELD FIELD_FOR_CAPTURED_VALUE name:this$0 type:com.example.farmforward.appActivity.userActivity.login.LoginController visibility:public/*package*/ [final] declared in com.example.farmforward.appActivity.userActivity.login.LoginController.handleLogin.<no name provided>.invokeSuspend$lambda$0.<no name provided>' type=com.example.farmforward.appActivity.userActivity.login.LoginController origin=null
                                  receiver: GET_VAR '<this>: com.example.farmforward.appActivity.userActivity.login.LoginController.handleLogin.<no name provided>.invokeSuspend$lambda$0.<no name provided> declared in com.example.farmforward.appActivity.userActivity.login.LoginController.handleLogin.<no name provided>.invokeSuspend$lambda$0.<no name provided>.create' type=com.example.farmforward.appActivity.userActivity.login.LoginController.handleLogin.<no name provided>.invokeSuspend$lambda$0.<no name provided> origin=null
                                $isOfflineMode: GET_FIELD 'FIELD FIELD_FOR_CAPTURED_VALUE name:$isOfflineMode type:kotlin.Boolean visibility:public/*package*/ [final] declared in com.example.farmforward.appActivity.userActivity.login.LoginController.handleLogin.<no name provided>.invokeSuspend$lambda$0.<no name provided>' type=kotlin.Boolean origin=null
                                  receiver: GET_VAR '<this>: com.example.farmforward.appActivity.userActivity.login.LoginController.handleLogin.<no name provided>.invokeSuspend$lambda$0.<no name provided> declared in com.example.farmforward.appActivity.userActivity.login.LoginController.handleLogin.<no name provided>.invokeSuspend$lambda$0.<no name provided>.create' type=com.example.farmforward.appActivity.userActivity.login.LoginController.handleLogin.<no name provided>.invokeSuspend$lambda$0.<no name provided> origin=null
                                $completion: GET_VAR '$completion: kotlin.coroutines.Continuation<kotlin.Nothing> declared in com.example.farmforward.appActivity.userActivity.login.LoginController.handleLogin.<no name provided>.invokeSuspend$lambda$0.<no name provided>.create' type=kotlin.coroutines.Continuation<kotlin.Nothing> origin=null
                        FUN name:invoke visibility:public modality:FINAL <> ($this:com.example.farmforward.appActivity.userActivity.login.LoginController.handleLogin.<no name provided>.invokeSuspend$lambda$0.<no name provided>, p1:kotlinx.coroutines.CoroutineScope, p2:kotlin.coroutines.Continuation<kotlin.Unit>?) returnType:kotlin.Any?
                          overridden:
                            public abstract fun invoke (p1: P1 of kotlin.jvm.functions.Function2, p2: P2 of kotlin.jvm.functions.Function2): R of kotlin.jvm.functions.Function2 declared in kotlin.jvm.functions.Function2
                          $this: VALUE_PARAMETER INSTANCE_RECEIVER name:<this> type:com.example.farmforward.appActivity.userActivity.login.LoginController.handleLogin.<no name provided>.invokeSuspend$lambda$0.<no name provided>
                          VALUE_PARAMETER name:p1 index:0 type:kotlinx.coroutines.CoroutineScope
                          VALUE_PARAMETER name:p2 index:1 type:kotlin.coroutines.Continuation<kotlin.Unit>?
                          BLOCK_BODY
                            RETURN type=kotlin.Nothing from='public final fun invoke (p1: kotlinx.coroutines.CoroutineScope, p2: kotlin.coroutines.Continuation<kotlin.Unit>?): kotlin.Any? declared in com.example.farmforward.appActivity.userActivity.login.LoginController.handleLogin.<no name provided>.invokeSuspend$lambda$0.<no name provided>'
                              CALL 'public final fun invokeSuspend ($result: kotlin.Result<kotlin.Any?>): kotlin.Any? declared in com.example.farmforward.appActivity.userActivity.login.LoginController.handleLogin.<no name provided>.invokeSuspend$lambda$0.<no name provided>' type=kotlin.Any? origin=null
                                $this: TYPE_OP type=com.example.farmforward.appActivity.userActivity.login.LoginController.handleLogin.<no name provided>.invokeSuspend$lambda$0.<no name provided> origin=IMPLICIT_CAST typeOperand=com.example.farmforward.appActivity.userActivity.login.LoginController.handleLogin.<no name provided>.invokeSuspend$lambda$0.<no name provided>
                                  CALL 'public final fun create (value: kotlin.Any?, $completion: kotlin.coroutines.Continuation<kotlin.Nothing>): kotlin.coroutines.Continuation<kotlin.Unit> declared in com.example.farmforward.appActivity.userActivity.login.LoginController.handleLogin.<no name provided>.invokeSuspend$lambda$0.<no name provided>' type=kotlin.coroutines.Continuation<kotlin.Unit> origin=null
                                    $this: GET_VAR '<this>: com.example.farmforward.appActivity.userActivity.login.LoginController.handleLogin.<no name provided>.invokeSuspend$lambda$0.<no name provided> declared in com.example.farmforward.appActivity.userActivity.login.LoginController.handleLogin.<no name provided>.invokeSuspend$lambda$0.<no name provided>.invoke' type=com.example.farmforward.appActivity.userActivity.login.LoginController.handleLogin.<no name provided>.invokeSuspend$lambda$0.<no name provided> origin=null
                                    value: GET_VAR 'p1: kotlinx.coroutines.CoroutineScope declared in com.example.farmforward.appActivity.userActivity.login.LoginController.handleLogin.<no name provided>.invokeSuspend$lambda$0.<no name provided>.invoke' type=kotlinx.coroutines.CoroutineScope origin=null
                                    $completion: GET_VAR 'p2: kotlin.coroutines.Continuation<kotlin.Unit>? declared in com.example.farmforward.appActivity.userActivity.login.LoginController.handleLogin.<no name provided>.invokeSuspend$lambda$0.<no name provided>.invoke' type=kotlin.coroutines.Continuation<kotlin.Unit>? origin=null
                                $result: CALL 'public final fun <unsafe-coerce> <T, R> (v: T of kotlin.jvm.internal.<unsafe-coerce>): R of kotlin.jvm.internal.<unsafe-coerce> declared in kotlin.jvm.internal' type=kotlin.Result<kotlin.Any?> origin=null
                                  <T>: kotlin.Any?
                                  <R>: kotlin.Result<kotlin.Any?>
                                  v: GET_FIELD 'FIELD FIELD_FOR_OBJECT_INSTANCE name:INSTANCE type:kotlin.Unit visibility:public [final,static] declared in kotlin.Unit' type=kotlin.Unit origin=null
                        FIELD FIELD_FOR_CAPTURED_VALUE name:$localUser type:kotlin.jvm.internal.Ref.ObjectRef<com.example.farmforward.database.roomDatabase.User?> visibility:public/*package*/ [final]
                        FIELD FIELD_FOR_CAPTURED_VALUE name:$firebaseUser type:com.google.firebase.auth.FirebaseUser? visibility:public/*package*/ [final]
                        FIELD FIELD_FOR_CAPTURED_VALUE name:$emailToUse type:kotlin.jvm.internal.Ref.ObjectRef<kotlin.String?> visibility:public/*package*/ [final]
                        FIELD FIELD_FOR_CAPTURED_VALUE name:$password type:kotlin.String visibility:public/*package*/ [final]
                        FIELD FIELD_FOR_CAPTURED_VALUE name:this$0 type:com.example.farmforward.appActivity.userActivity.login.LoginController visibility:public/*package*/ [final]
                        FIELD FIELD_FOR_CAPTURED_VALUE name:$isOfflineMode type:kotlin.Boolean visibility:public/*package*/ [final]
                        FUN BRIDGE name:invoke visibility:public modality:OPEN <> ($this:com.example.farmforward.appActivity.userActivity.login.LoginController.handleLogin.<no name provided>.invokeSuspend$lambda$0.<no name provided>, p1:kotlin.Any?, p2:kotlin.Any?) returnType:kotlin.Any?
                          $this: VALUE_PARAMETER INSTANCE_RECEIVER name:<this> type:com.example.farmforward.appActivity.userActivity.login.LoginController.handleLogin.<no name provided>.invokeSuspend$lambda$0.<no name provided>
                          VALUE_PARAMETER BRIDGE name:p1 index:0 type:kotlin.Any?
                          VALUE_PARAMETER BRIDGE name:p2 index:1 type:kotlin.Any?
                          EXPRESSION_BODY
                            RETURN type=kotlin.Nothing from='public open fun invoke (p1: kotlin.Any?, p2: kotlin.Any?): kotlin.Any? declared in com.example.farmforward.appActivity.userActivity.login.LoginController.handleLogin.<no name provided>.invokeSuspend$lambda$0.<no name provided>'
                              CALL 'public final fun invoke (p1: kotlinx.coroutines.CoroutineScope, p2: kotlin.coroutines.Continuation<kotlin.Unit>?): kotlin.Any? declared in com.example.farmforward.appActivity.userActivity.login.LoginController.handleLogin.<no name provided>.invokeSuspend$lambda$0.<no name provided>' type=kotlin.Any? origin=BRIDGE_DELEGATION
                                $this: GET_VAR '<this>: com.example.farmforward.appActivity.userActivity.login.LoginController.handleLogin.<no name provided>.invokeSuspend$lambda$0.<no name provided> declared in com.example.farmforward.appActivity.userActivity.login.LoginController.handleLogin.<no name provided>.invokeSuspend$lambda$0.<no name provided>.invoke' type=com.example.farmforward.appActivity.userActivity.login.LoginController.handleLogin.<no name provided>.invokeSuspend$lambda$0.<no name provided> origin=null
                                p1: TYPE_OP type=kotlinx.coroutines.CoroutineScope origin=IMPLICIT_CAST typeOperand=kotlinx.coroutines.CoroutineScope
                                  GET_VAR 'p1: kotlin.Any? declared in com.example.farmforward.appActivity.userActivity.login.LoginController.handleLogin.<no name provided>.invokeSuspend$lambda$0.<no name provided>.invoke' type=kotlin.Any? origin=null
                                p2: TYPE_OP type=kotlin.coroutines.Continuation<*> origin=IMPLICIT_CAST typeOperand=kotlin.coroutines.Continuation<*>
                                  GET_VAR 'p2: kotlin.Any? declared in com.example.farmforward.appActivity.userActivity.login.LoginController.handleLogin.<no name provided>.invokeSuspend$lambda$0.<no name provided>.invoke' type=kotlin.Any? origin=null
                      CONSTRUCTOR_CALL 'public/*package*/ constructor <init> ($localUser: kotlin.jvm.internal.Ref.ObjectRef<com.example.farmforward.database.roomDatabase.User?>, $firebaseUser: com.google.firebase.auth.FirebaseUser?, $emailToUse: kotlin.jvm.internal.Ref.ObjectRef<kotlin.String?>, $password: kotlin.String, this$0: com.example.farmforward.appActivity.userActivity.login.LoginController, $isOfflineMode: kotlin.Boolean, $completion: kotlin.coroutines.Continuation<com.example.farmforward.appActivity.userActivity.login.LoginController.handleLogin.<no name provided>.invokeSuspend$lambda$0.<no name provided>>?) [primary] declared in com.example.farmforward.appActivity.userActivity.login.LoginController.handleLogin.<no name provided>.invokeSuspend$lambda$0.<no name provided>' type=com.example.farmforward.appActivity.userActivity.login.LoginController.handleLogin.<no name provided>.invokeSuspend$lambda$0.<no name provided> origin=null
                        $localUser: GET_VAR '$localUser: kotlin.jvm.internal.Ref.ObjectRef<com.example.farmforward.database.roomDatabase.User?> declared in com.example.farmforward.appActivity.userActivity.login.LoginController.handleLogin.<no name provided>.invokeSuspend$lambda$0' type=kotlin.jvm.internal.Ref.ObjectRef<com.example.farmforward.database.roomDatabase.User?> origin=null
                        $firebaseUser: GET_VAR 'val firebaseUser: com.google.firebase.auth.FirebaseUser? [val] declared in com.example.farmforward.appActivity.userActivity.login.LoginController.handleLogin.<no name provided>.invokeSuspend$lambda$0' type=com.google.firebase.auth.FirebaseUser? origin=null
                        $emailToUse: GET_VAR '$emailToUse: kotlin.jvm.internal.Ref.ObjectRef<kotlin.String?> declared in com.example.farmforward.appActivity.userActivity.login.LoginController.handleLogin.<no name provided>.invokeSuspend$lambda$0' type=kotlin.jvm.internal.Ref.ObjectRef<kotlin.String?> origin=null
                        $password: GET_VAR '$password: kotlin.String declared in com.example.farmforward.appActivity.userActivity.login.LoginController.handleLogin.<no name provided>.invokeSuspend$lambda$0' type=kotlin.String origin=null
                        this$0: GET_VAR 'this$0: com.example.farmforward.appActivity.userActivity.login.LoginController declared in com.example.farmforward.appActivity.userActivity.login.LoginController.handleLogin.<no name provided>.invokeSuspend$lambda$0' type=com.example.farmforward.appActivity.userActivity.login.LoginController origin=null
                        $isOfflineMode: GET_VAR '$isOfflineMode: kotlin.Boolean declared in com.example.farmforward.appActivity.userActivity.login.LoginController.handleLogin.<no name provided>.invokeSuspend$lambda$0' type=kotlin.Boolean origin=null
                        $completion: CONST Null type=kotlin.Nothing? value=null
                    $mask0: CONST Int type=kotlin.Int value=3
                    $handler: CONST Null type=kotlin.Any? value=null
                  COMPOSITE type=kotlin.Unit origin=null
            FUN LOCAL_FUNCTION_FOR_LAMBDA name:invokeSuspend$lambda$1 visibility:private modality:FINAL <> ($tmp0:kotlin.Function1<kotlin.Any?, kotlin.Unit>, p0:@[FlexibleNullability] kotlin.Any?) returnType:kotlin.Unit
              VALUE_PARAMETER BOUND_VALUE_PARAMETER name:$tmp0 index:0 type:kotlin.Function1<kotlin.Any?, kotlin.Unit>
              VALUE_PARAMETER name:p0 index:1 type:@[FlexibleNullability] kotlin.Any?
              BLOCK_BODY
                RETURN type=kotlin.Nothing from='private final fun invokeSuspend$lambda$1 ($tmp0: kotlin.Function1<kotlin.Any?, kotlin.Unit>, p0: @[FlexibleNullability] kotlin.Any?): kotlin.Unit declared in com.example.farmforward.appActivity.userActivity.login.LoginController.handleLogin.<no name provided>'
                  CALL 'public abstract fun invoke (p1: P1 of kotlin.Function1): R of kotlin.Function1 [operator] declared in kotlin.Function1' type=R of kotlin.Function1 origin=null
                    $this: TYPE_OP type=kotlin.Function1 origin=IMPLICIT_CAST typeOperand=kotlin.Function1
                      GET_VAR '$tmp0: kotlin.Function1<kotlin.Any?, kotlin.Unit> declared in com.example.farmforward.appActivity.userActivity.login.LoginController.handleLogin.<no name provided>.invokeSuspend$lambda$1' type=kotlin.Function1<kotlin.Any?, kotlin.Unit> origin=null
                    p1: GET_VAR 'p0: @[FlexibleNullability] kotlin.Any? declared in com.example.farmforward.appActivity.userActivity.login.LoginController.handleLogin.<no name provided>.invokeSuspend$lambda$1' type=@[FlexibleNullability] kotlin.Any? origin=null
            FUN LOCAL_FUNCTION_FOR_LAMBDA name:invokeSuspend$lambda$2 visibility:private modality:FINAL <> (this$0:com.example.farmforward.appActivity.userActivity.login.LoginController, e:@[EnhancedNullability] java.lang.Exception) returnType:kotlin.Unit
              VALUE_PARAMETER BOUND_VALUE_PARAMETER name:this$0 index:0 type:com.example.farmforward.appActivity.userActivity.login.LoginController
              VALUE_PARAMETER name:e index:1 type:@[EnhancedNullability] java.lang.Exception
              BLOCK_BODY
                VAR name:msg type:kotlin.String [val]
                  WHEN type=kotlin.String origin=IF
                    BRANCH
                      if: TYPE_OP type=kotlin.Boolean origin=INSTANCEOF typeOperand=com.google.firebase.auth.FirebaseAuthInvalidCredentialsException
                        GET_VAR 'e: @[EnhancedNullability] java.lang.Exception declared in com.example.farmforward.appActivity.userActivity.login.LoginController.handleLogin.<no name provided>.invokeSuspend$lambda$2' type=@[EnhancedNullability] java.lang.Exception origin=null
                      then: CONST String type=kotlin.String value="Incorrect password."
                    BRANCH
                      if: CONST Boolean type=kotlin.Boolean value=true
                      then: BLOCK type=kotlin.String origin=FOLDED_ELVIS
                        WHEN type=kotlin.String origin=FOLDED_ELVIS
                          BRANCH
                            if: COMPOSITE type=kotlin.Boolean origin=null
                              VAR IR_TEMPORARY_VARIABLE name:tmp0_elvis_lhs type:kotlin.String? [val]
                                CALL 'public open fun <get-message> (): kotlin.String? [fake_override] declared in java.lang.Exception' type=kotlin.String? origin=GET_PROPERTY
                                  $this: GET_VAR 'e: @[EnhancedNullability] java.lang.Exception declared in com.example.farmforward.appActivity.userActivity.login.LoginController.handleLogin.<no name provided>.invokeSuspend$lambda$2' type=@[EnhancedNullability] java.lang.Exception origin=null
                              CALL 'public final fun not (): kotlin.Boolean [operator] declared in kotlin.Boolean' type=kotlin.Boolean origin=null
                                $this: CALL 'public final fun EQEQ (arg0: kotlin.Any?, arg1: kotlin.Any?): kotlin.Boolean declared in kotlin.internal.ir' type=kotlin.Boolean origin=null
                                  arg0: GET_VAR 'val tmp0_elvis_lhs: kotlin.String? [val] declared in com.example.farmforward.appActivity.userActivity.login.LoginController.handleLogin.<no name provided>.invokeSuspend$lambda$2' type=kotlin.String? origin=null
                                  arg1: CONST Null type=kotlin.Nothing? value=null
                            then: GET_VAR 'val tmp0_elvis_lhs: kotlin.String? [val] declared in com.example.farmforward.appActivity.userActivity.login.LoginController.handleLogin.<no name provided>.invokeSuspend$lambda$2' type=kotlin.String? origin=null
                          BRANCH
                            if: CONST Boolean type=kotlin.Boolean value=true
                            then: CONST String type=kotlin.String value="Login failed"
                COMPOSITE type=kotlin.Unit origin=null
                  BLOCK type=kotlin.Unit? origin=FOLDED_SAFE_CALL
                    WHEN type=kotlin.Unit? origin=FOLDED_SAFE_CALL
                      BRANCH
                        if: COMPOSITE type=kotlin.Boolean origin=null
                          VAR IR_TEMPORARY_VARIABLE name:tmp1_safe_receiver type:com.example.farmforward.appActivity.userActivity.login.LoginView? [val]
                            CALL 'public final fun access$getView$p ($this: com.example.farmforward.appActivity.userActivity.login.LoginController): com.example.farmforward.appActivity.userActivity.login.LoginView? declared in com.example.farmforward.appActivity.userActivity.login.LoginController' type=com.example.farmforward.appActivity.userActivity.login.LoginView? origin=null
                              $this: GET_VAR 'this$0: com.example.farmforward.appActivity.userActivity.login.LoginController declared in com.example.farmforward.appActivity.userActivity.login.LoginController.handleLogin.<no name provided>.invokeSuspend$lambda$2' type=com.example.farmforward.appActivity.userActivity.login.LoginController origin=null
                          CALL 'public final fun not (): kotlin.Boolean [operator] declared in kotlin.Boolean' type=kotlin.Boolean origin=null
                            $this: CALL 'public final fun EQEQ (arg0: kotlin.Any?, arg1: kotlin.Any?): kotlin.Boolean declared in kotlin.internal.ir' type=kotlin.Boolean origin=null
                              arg0: GET_VAR 'val tmp1_safe_receiver: com.example.farmforward.appActivity.userActivity.login.LoginView? [val] declared in com.example.farmforward.appActivity.userActivity.login.LoginController.handleLogin.<no name provided>.invokeSuspend$lambda$2' type=com.example.farmforward.appActivity.userActivity.login.LoginView? origin=null
                              arg1: CONST Null type=kotlin.Nothing? value=null
                        then: CALL 'public abstract fun showToast (message: kotlin.String, isError: kotlin.Boolean): kotlin.Unit declared in com.example.farmforward.appActivity.userActivity.login.LoginView' type=kotlin.Unit origin=null
                          $this: GET_VAR 'val tmp1_safe_receiver: com.example.farmforward.appActivity.userActivity.login.LoginView? [val] declared in com.example.farmforward.appActivity.userActivity.login.LoginController.handleLogin.<no name provided>.invokeSuspend$lambda$2' type=com.example.farmforward.appActivity.userActivity.login.LoginView? origin=null
                          message: GET_VAR 'val msg: kotlin.String [val] declared in com.example.farmforward.appActivity.userActivity.login.LoginController.handleLogin.<no name provided>.invokeSuspend$lambda$2' type=kotlin.String origin=null
                          isError: CONST Boolean type=kotlin.Boolean value=true
                      BRANCH
                        if: CONST Boolean type=kotlin.Boolean value=true
                        then: CONST Null type=kotlin.Nothing? value=null
            FUN BRIDGE name:invoke visibility:public modality:OPEN <> ($this:com.example.farmforward.appActivity.userActivity.login.LoginController.handleLogin.<no name provided>, p1:kotlin.Any?, p2:kotlin.Any?) returnType:kotlin.Any?
              $this: VALUE_PARAMETER INSTANCE_RECEIVER name:<this> type:com.example.farmforward.appActivity.userActivity.login.LoginController.handleLogin.<no name provided>
              VALUE_PARAMETER BRIDGE name:p1 index:0 type:kotlin.Any?
              VALUE_PARAMETER BRIDGE name:p2 index:1 type:kotlin.Any?
              EXPRESSION_BODY
                RETURN type=kotlin.Nothing from='public open fun invoke (p1: kotlin.Any?, p2: kotlin.Any?): kotlin.Any? declared in com.example.farmforward.appActivity.userActivity.login.LoginController.handleLogin.<no name provided>'
                  CALL 'public final fun invoke (p1: kotlinx.coroutines.CoroutineScope, p2: kotlin.coroutines.Continuation<kotlin.Unit>?): kotlin.Any? declared in com.example.farmforward.appActivity.userActivity.login.LoginController.handleLogin.<no name provided>' type=kotlin.Any? origin=BRIDGE_DELEGATION
                    $this: GET_VAR '<this>: com.example.farmforward.appActivity.userActivity.login.LoginController.handleLogin.<no name provided> declared in com.example.farmforward.appActivity.userActivity.login.LoginController.handleLogin.<no name provided>.invoke' type=com.example.farmforward.appActivity.userActivity.login.LoginController.handleLogin.<no name provided> origin=null
                    p1: TYPE_OP type=kotlinx.coroutines.CoroutineScope origin=IMPLICIT_CAST typeOperand=kotlinx.coroutines.CoroutineScope
                      GET_VAR 'p1: kotlin.Any? declared in com.example.farmforward.appActivity.userActivity.login.LoginController.handleLogin.<no name provided>.invoke' type=kotlin.Any? origin=null
                    p2: TYPE_OP type=kotlin.coroutines.Continuation<*> origin=IMPLICIT_CAST typeOperand=kotlin.coroutines.Continuation<*>
                      GET_VAR 'p2: kotlin.Any? declared in com.example.farmforward.appActivity.userActivity.login.LoginController.handleLogin.<no name provided>.invoke' type=kotlin.Any? origin=null
          CONSTRUCTOR_CALL 'public/*package*/ constructor <init> ($isOfflineMode: kotlin.Boolean, this$0: com.example.farmforward.appActivity.userActivity.login.LoginController, $identifier: kotlin.String, $password: kotlin.String, $completion: kotlin.coroutines.Continuation<com.example.farmforward.appActivity.userActivity.login.LoginController.handleLogin.<no name provided>>?) [primary] declared in com.example.farmforward.appActivity.userActivity.login.LoginController.handleLogin.<no name provided>' type=com.example.farmforward.appActivity.userActivity.login.LoginController.handleLogin.<no name provided> origin=null
            $isOfflineMode: GET_VAR 'isOfflineMode: kotlin.Boolean declared in com.example.farmforward.appActivity.userActivity.login.LoginController.handleLogin' type=kotlin.Boolean origin=null
            this$0: GET_VAR '<this>: com.example.farmforward.appActivity.userActivity.login.LoginController declared in com.example.farmforward.appActivity.userActivity.login.LoginController.handleLogin' type=com.example.farmforward.appActivity.userActivity.login.LoginController origin=null
            $identifier: GET_VAR 'identifier: kotlin.String declared in com.example.farmforward.appActivity.userActivity.login.LoginController.handleLogin' type=kotlin.String origin=null
            $password: GET_VAR 'password: kotlin.String declared in com.example.farmforward.appActivity.userActivity.login.LoginController.handleLogin' type=kotlin.String origin=null
            $completion: CONST Null type=kotlin.Nothing? value=null
        $mask0: CONST Int type=kotlin.Int value=3
        $handler: CONST Null type=kotlin.Any? value=null
      COMPOSITE type=kotlin.Unit origin=null

	at org.jetbrains.kotlin.backend.jvm.codegen.FunctionCodegen.generate(FunctionCodegen.kt:47)
	at org.jetbrains.kotlin.backend.jvm.codegen.FunctionCodegen.generate$default(FunctionCodegen.kt:40)
	at org.jetbrains.kotlin.backend.jvm.codegen.ClassCodegen.generateMethodNode(ClassCodegen.kt:406)
	at org.jetbrains.kotlin.backend.jvm.codegen.ClassCodegen.generateMethod(ClassCodegen.kt:423)
	at org.jetbrains.kotlin.backend.jvm.codegen.ClassCodegen.generate(ClassCodegen.kt:168)
	at org.jetbrains.kotlin.backend.jvm.FileCodegen.lower(JvmPhases.kt:39)
	at org.jetbrains.kotlin.backend.common.phaser.PhaseFactoriesKt.createFilePhase$lambda$4(PhaseFactories.kt:71)
	at org.jetbrains.kotlin.backend.common.phaser.PhaseBuildersKt$createSimpleNamedCompilerPhase$1.phaseBody(PhaseBuilders.kt:69)
	at org.jetbrains.kotlin.backend.common.phaser.SimpleNamedCompilerPhase.phaseBody(CompilerPhase.kt:226)
	at org.jetbrains.kotlin.backend.common.phaser.AbstractNamedCompilerPhase.invoke(CompilerPhase.kt:113)
	at org.jetbrains.kotlin.backend.common.phaser.PerformByIrFilePhase.invokeSequential(performByIrFile.kt:62)
	... 43 more
Caused by: java.lang.RuntimeException: Exception while generating code for:
FUN name:invokeSuspend visibility:public modality:FINAL <> ($this:com.example.farmforward.appActivity.userActivity.login.LoginController.handleLogin.<no name provided>, $result:kotlin.Result<kotlin.Any?>) returnType:kotlin.Any?
  overridden:
    protected abstract fun invokeSuspend ($result: kotlin.Result<kotlin.Any?>): kotlin.Any? declared in kotlin.coroutines.jvm.internal.SuspendLambda
  $this: VALUE_PARAMETER INSTANCE_RECEIVER name:<this> type:com.example.farmforward.appActivity.userActivity.login.LoginController.handleLogin.<no name provided>
  VALUE_PARAMETER name:$result index:0 type:kotlin.Result<kotlin.Any?>
  BLOCK_BODY
    WHEN type=kotlin.Unit origin=IF
      BRANCH
        if: CALL 'public final fun OROR (arg0: kotlin.Boolean, arg1: kotlin.Boolean): kotlin.Boolean declared in kotlin.internal.ir' type=kotlin.Boolean origin=null
          arg0: GET_FIELD 'FIELD FIELD_FOR_CAPTURED_VALUE name:$isOfflineMode type:kotlin.Boolean visibility:public/*package*/ [final] declared in com.example.farmforward.appActivity.userActivity.login.LoginController.handleLogin.<no name provided>' type=kotlin.Boolean origin=null
            receiver: GET_VAR '<this>: com.example.farmforward.appActivity.userActivity.login.LoginController.handleLogin.<no name provided> declared in com.example.farmforward.appActivity.userActivity.login.LoginController.handleLogin.<no name provided>.invokeSuspend' type=com.example.farmforward.appActivity.userActivity.login.LoginController.handleLogin.<no name provided> origin=null
          arg1: CALL 'public final fun not (): kotlin.Boolean [operator] declared in kotlin.Boolean' type=kotlin.Boolean origin=null
            $this: CALL 'public final fun isNetworkAvailable (context: android.content.Context): kotlin.Boolean declared in com.example.farmforward.utils.otherUtils.NetworkUtils' type=kotlin.Boolean origin=null
              $this: GET_FIELD 'FIELD FIELD_FOR_OBJECT_INSTANCE name:INSTANCE type:com.example.farmforward.utils.otherUtils.NetworkUtils visibility:public [final,static] declared in com.example.farmforward.utils.otherUtils.NetworkUtils' type=com.example.farmforward.utils.otherUtils.NetworkUtils origin=null
              context: CALL 'public final fun access$getContext$p ($this: com.example.farmforward.appActivity.userActivity.login.LoginController): android.content.Context declared in com.example.farmforward.appActivity.userActivity.login.LoginController' type=android.content.Context origin=null
                $this: GET_FIELD 'FIELD FIELD_FOR_CAPTURED_VALUE name:this$0 type:com.example.farmforward.appActivity.userActivity.login.LoginController visibility:public/*package*/ [final] declared in com.example.farmforward.appActivity.userActivity.login.LoginController.handleLogin.<no name provided>' type=com.example.farmforward.appActivity.userActivity.login.LoginController origin=null
                  receiver: GET_VAR '<this>: com.example.farmforward.appActivity.userActivity.login.LoginController.handleLogin.<no name provided> declared in com.example.farmforward.appActivity.userActivity.login.LoginController.handleLogin.<no name provided>.invokeSuspend' type=com.example.farmforward.appActivity.userActivity.login.LoginController.handleLogin.<no name provided> origin=null
        then: BLOCK type=kotlin.Unit origin=null
          CALL 'public final fun access$checkLocal ($this: com.example.farmforward.appActivity.userActivity.login.LoginController, identifier: kotlin.String, password: kotlin.String, isOffline: kotlin.Boolean): kotlin.Unit declared in com.example.farmforward.appActivity.userActivity.login.LoginController' type=kotlin.Unit origin=null
            $this: GET_FIELD 'FIELD FIELD_FOR_CAPTURED_VALUE name:this$0 type:com.example.farmforward.appActivity.userActivity.login.LoginController visibility:public/*package*/ [final] declared in com.example.farmforward.appActivity.userActivity.login.LoginController.handleLogin.<no name provided>' type=com.example.farmforward.appActivity.userActivity.login.LoginController origin=null
              receiver: GET_VAR '<this>: com.example.farmforward.appActivity.userActivity.login.LoginController.handleLogin.<no name provided> declared in com.example.farmforward.appActivity.userActivity.login.LoginController.handleLogin.<no name provided>.invokeSuspend' type=com.example.farmforward.appActivity.userActivity.login.LoginController.handleLogin.<no name provided> origin=null
            identifier: GET_FIELD 'FIELD FIELD_FOR_CAPTURED_VALUE name:$identifier type:kotlin.String visibility:public/*package*/ [final] declared in com.example.farmforward.appActivity.userActivity.login.LoginController.handleLogin.<no name provided>' type=kotlin.String origin=null
              receiver: GET_VAR '<this>: com.example.farmforward.appActivity.userActivity.login.LoginController.handleLogin.<no name provided> declared in com.example.farmforward.appActivity.userActivity.login.LoginController.handleLogin.<no name provided>.invokeSuspend' type=com.example.farmforward.appActivity.userActivity.login.LoginController.handleLogin.<no name provided> origin=null
            password: GET_FIELD 'FIELD FIELD_FOR_CAPTURED_VALUE name:$password type:kotlin.String visibility:public/*package*/ [final] declared in com.example.farmforward.appActivity.userActivity.login.LoginController.handleLogin.<no name provided>' type=kotlin.String origin=null
              receiver: GET_VAR '<this>: com.example.farmforward.appActivity.userActivity.login.LoginController.handleLogin.<no name provided> declared in com.example.farmforward.appActivity.userActivity.login.LoginController.handleLogin.<no name provided>.invokeSuspend' type=com.example.farmforward.appActivity.userActivity.login.LoginController.handleLogin.<no name provided> origin=null
            isOffline: GET_FIELD 'FIELD FIELD_FOR_CAPTURED_VALUE name:$isOfflineMode type:kotlin.Boolean visibility:public/*package*/ [final] declared in com.example.farmforward.appActivity.userActivity.login.LoginController.handleLogin.<no name provided>' type=kotlin.Boolean origin=null
              receiver: GET_VAR '<this>: com.example.farmforward.appActivity.userActivity.login.LoginController.handleLogin.<no name provided> declared in com.example.farmforward.appActivity.userActivity.login.LoginController.handleLogin.<no name provided>.invokeSuspend' type=com.example.farmforward.appActivity.userActivity.login.LoginController.handleLogin.<no name provided> origin=null
          RETURN type=kotlin.Nothing from='public final fun invokeSuspend ($result: kotlin.Result<kotlin.Any?>): kotlin.Any? declared in com.example.farmforward.appActivity.userActivity.login.LoginController.handleLogin.<no name provided>'
            GET_FIELD 'FIELD FIELD_FOR_OBJECT_INSTANCE name:INSTANCE type:kotlin.Unit visibility:public [final,static] declared in kotlin.Unit' type=kotlin.Unit origin=null
    VAR name:emailToUse type:kotlin.jvm.internal.Ref.ObjectRef<kotlin.String?> [val]
      CONSTRUCTOR_CALL 'public constructor <init> () declared in kotlin.jvm.internal.Ref.ObjectRef' type=kotlin.jvm.internal.Ref.ObjectRef<kotlin.String?> origin=null
        <class: T>: kotlin.String?
    VAR name:localUser type:kotlin.jvm.internal.Ref.ObjectRef<com.example.farmforward.database.roomDatabase.User?> [val]
      CONSTRUCTOR_CALL 'public constructor <init> () declared in kotlin.jvm.internal.Ref.ObjectRef' type=kotlin.jvm.internal.Ref.ObjectRef<com.example.farmforward.database.roomDatabase.User?> origin=null
        <class: T>: com.example.farmforward.database.roomDatabase.User?
    VAR name:isInputEmail type:kotlin.Boolean [val]
      CALL 'public final fun contains$default (other: kotlin.CharSequence, ignoreCase: kotlin.Boolean, $mask0: kotlin.Int, $handler: kotlin.Any?): kotlin.Boolean [operator] declared in kotlin.text.StringsKt' type=kotlin.Boolean origin=DEFAULT_DISPATCH_CALL
        $receiver: GET_FIELD 'FIELD FIELD_FOR_CAPTURED_VALUE name:$identifier type:kotlin.String visibility:public/*package*/ [final] declared in com.example.farmforward.appActivity.userActivity.login.LoginController.handleLogin.<no name provided>' type=kotlin.String origin=null
          receiver: GET_VAR '<this>: com.example.farmforward.appActivity.userActivity.login.LoginController.handleLogin.<no name provided> declared in com.example.farmforward.appActivity.userActivity.login.LoginController.handleLogin.<no name provided>.invokeSuspend' type=com.example.farmforward.appActivity.userActivity.login.LoginController.handleLogin.<no name provided> origin=null
        other: CONST String type=kotlin.String value="@"
        ignoreCase: COMPOSITE type=kotlin.Boolean origin=DEFAULT_VALUE
          CONST Boolean type=kotlin.Boolean value=false
        $mask0: CONST Int type=kotlin.Int value=2
        $handler: CONST Null type=kotlin.Any? value=null
    WHEN type=kotlin.Unit origin=IF
      BRANCH
        if: GET_VAR 'val isInputEmail: kotlin.Boolean [val] declared in com.example.farmforward.appActivity.userActivity.login.LoginController.handleLogin.<no name provided>.invokeSuspend' type=kotlin.Boolean origin=null
        then: BLOCK type=kotlin.Unit origin=null
          SET_FIELD 'FIELD IR_BUILTINS_STUB name:element type:T of kotlin.jvm.internal.Ref.ObjectRef visibility:public declared in kotlin.jvm.internal.Ref.ObjectRef' type=kotlin.Unit origin=EQ
            receiver: GET_VAR 'val localUser: kotlin.jvm.internal.Ref.ObjectRef<com.example.farmforward.database.roomDatabase.User?> [val] declared in com.example.farmforward.appActivity.userActivity.login.LoginController.handleLogin.<no name provided>.invokeSuspend' type=kotlin.jvm.internal.Ref.ObjectRef<com.example.farmforward.database.roomDatabase.User?> origin=null
            value: CALL 'public abstract fun getUserByEmail (email: kotlin.String, $completion: kotlin.coroutines.Continuation<com.example.farmforward.database.roomDatabase.User?>): kotlin.Any? [suspend] declared in com.example.farmforward.database.roomDatabase.RoomUserDao' type=com.example.farmforward.database.roomDatabase.User? origin=null
              $this: CALL 'public final fun access$getUserDao$p ($this: com.example.farmforward.appActivity.userActivity.login.LoginController): com.example.farmforward.database.roomDatabase.RoomUserDao declared in com.example.farmforward.appActivity.userActivity.login.LoginController' type=com.example.farmforward.database.roomDatabase.RoomUserDao origin=null
                $this: GET_FIELD 'FIELD FIELD_FOR_CAPTURED_VALUE name:this$0 type:com.example.farmforward.appActivity.userActivity.login.LoginController visibility:public/*package*/ [final] declared in com.example.farmforward.appActivity.userActivity.login.LoginController.handleLogin.<no name provided>' type=com.example.farmforward.appActivity.userActivity.login.LoginController origin=null
                  receiver: GET_VAR '<this>: com.example.farmforward.appActivity.userActivity.login.LoginController.handleLogin.<no name provided> declared in com.example.farmforward.appActivity.userActivity.login.LoginController.handleLogin.<no name provided>.invokeSuspend' type=com.example.farmforward.appActivity.userActivity.login.LoginController.handleLogin.<no name provided> origin=null
              email: GET_FIELD 'FIELD FIELD_FOR_CAPTURED_VALUE name:$identifier type:kotlin.String visibility:public/*package*/ [final] declared in com.example.farmforward.appActivity.userActivity.login.LoginController.handleLogin.<no name provided>' type=kotlin.String origin=null
                receiver: GET_VAR '<this>: com.example.farmforward.appActivity.userActivity.login.LoginController.handleLogin.<no name provided> declared in com.example.farmforward.appActivity.userActivity.login.LoginController.handleLogin.<no name provided>.invokeSuspend' type=com.example.farmforward.appActivity.userActivity.login.LoginController.handleLogin.<no name provided> origin=null
              $completion: GET_VAR '<this>: com.example.farmforward.appActivity.userActivity.login.LoginController.handleLogin.<no name provided> declared in com.example.farmforward.appActivity.userActivity.login.LoginController.handleLogin.<no name provided>.invokeSuspend' type=com.example.farmforward.appActivity.userActivity.login.LoginController.handleLogin.<no name provided> origin=null
          SET_FIELD 'FIELD IR_BUILTINS_STUB name:element type:T of kotlin.jvm.internal.Ref.ObjectRef visibility:public declared in kotlin.jvm.internal.Ref.ObjectRef' type=kotlin.Unit origin=EQ
            receiver: GET_VAR 'val emailToUse: kotlin.jvm.internal.Ref.ObjectRef<kotlin.String?> [val] declared in com.example.farmforward.appActivity.userActivity.login.LoginController.handleLogin.<no name provided>.invokeSuspend' type=kotlin.jvm.internal.Ref.ObjectRef<kotlin.String?> origin=null
            value: GET_FIELD 'FIELD FIELD_FOR_CAPTURED_VALUE name:$identifier type:kotlin.String visibility:public/*package*/ [final] declared in com.example.farmforward.appActivity.userActivity.login.LoginController.handleLogin.<no name provided>' type=kotlin.String origin=null
              receiver: GET_VAR '<this>: com.example.farmforward.appActivity.userActivity.login.LoginController.handleLogin.<no name provided> declared in com.example.farmforward.appActivity.userActivity.login.LoginController.handleLogin.<no name provided>.invokeSuspend' type=com.example.farmforward.appActivity.userActivity.login.LoginController.handleLogin.<no name provided> origin=null
      BRANCH
        if: CONST Boolean type=kotlin.Boolean value=true
        then: BLOCK type=kotlin.Unit origin=null
          SET_FIELD 'FIELD IR_BUILTINS_STUB name:element type:T of kotlin.jvm.internal.Ref.ObjectRef visibility:public declared in kotlin.jvm.internal.Ref.ObjectRef' type=kotlin.Unit origin=EQ
            receiver: GET_VAR 'val localUser: kotlin.jvm.internal.Ref.ObjectRef<com.example.farmforward.database.roomDatabase.User?> [val] declared in com.example.farmforward.appActivity.userActivity.login.LoginController.handleLogin.<no name provided>.invokeSuspend' type=kotlin.jvm.internal.Ref.ObjectRef<com.example.farmforward.database.roomDatabase.User?> origin=null
            value: CALL 'public abstract fun getUserByUsername (username: kotlin.String, $completion: kotlin.coroutines.Continuation<com.example.farmforward.database.roomDatabase.User?>): kotlin.Any? [suspend] declared in com.example.farmforward.database.roomDatabase.RoomUserDao' type=com.example.farmforward.database.roomDatabase.User? origin=null
              $this: CALL 'public final fun access$getUserDao$p ($this: com.example.farmforward.appActivity.userActivity.login.LoginController): com.example.farmforward.database.roomDatabase.RoomUserDao declared in com.example.farmforward.appActivity.userActivity.login.LoginController' type=com.example.farmforward.database.roomDatabase.RoomUserDao origin=null
                $this: GET_FIELD 'FIELD FIELD_FOR_CAPTURED_VALUE name:this$0 type:com.example.farmforward.appActivity.userActivity.login.LoginController visibility:public/*package*/ [final] declared in com.example.farmforward.appActivity.userActivity.login.LoginController.handleLogin.<no name provided>' type=com.example.farmforward.appActivity.userActivity.login.LoginController origin=null
                  receiver: GET_VAR '<this>: com.example.farmforward.appActivity.userActivity.login.LoginController.handleLogin.<no name provided> declared in com.example.farmforward.appActivity.userActivity.login.LoginController.handleLogin.<no name provided>.invokeSuspend' type=com.example.farmforward.appActivity.userActivity.login.LoginController.handleLogin.<no name provided> origin=null
              username: GET_FIELD 'FIELD FIELD_FOR_CAPTURED_VALUE name:$identifier type:kotlin.String visibility:public/*package*/ [final] declared in com.example.farmforward.appActivity.userActivity.login.LoginController.handleLogin.<no name provided>' type=kotlin.String origin=null
                receiver: GET_VAR '<this>: com.example.farmforward.appActivity.userActivity.login.LoginController.handleLogin.<no name provided> declared in com.example.farmforward.appActivity.userActivity.login.LoginController.handleLogin.<no name provided>.invokeSuspend' type=com.example.farmforward.appActivity.userActivity.login.LoginController.handleLogin.<no name provided> origin=null
              $completion: GET_VAR '<this>: com.example.farmforward.appActivity.userActivity.login.LoginController.handleLogin.<no name provided> declared in com.example.farmforward.appActivity.userActivity.login.LoginController.handleLogin.<no name provided>.invokeSuspend' type=com.example.farmforward.appActivity.userActivity.login.LoginController.handleLogin.<no name provided> origin=null
          SET_FIELD 'FIELD IR_BUILTINS_STUB name:element type:T of kotlin.jvm.internal.Ref.ObjectRef visibility:public declared in kotlin.jvm.internal.Ref.ObjectRef' type=kotlin.Unit origin=EQ
            receiver: GET_VAR 'val emailToUse: kotlin.jvm.internal.Ref.ObjectRef<kotlin.String?> [val] declared in com.example.farmforward.appActivity.userActivity.login.LoginController.handleLogin.<no name provided>.invokeSuspend' type=kotlin.jvm.internal.Ref.ObjectRef<kotlin.String?> origin=null
            value: BLOCK type=kotlin.String? origin=FOLDED_SAFE_CALL
              WHEN type=kotlin.String? origin=FOLDED_SAFE_CALL
                BRANCH
                  if: COMPOSITE type=kotlin.Boolean origin=null
                    VAR IR_TEMPORARY_VARIABLE name:tmp0_safe_receiver type:com.example.farmforward.database.roomDatabase.User? [val]
                      GET_FIELD 'FIELD IR_BUILTINS_STUB name:element type:T of kotlin.jvm.internal.Ref.ObjectRef visibility:public declared in kotlin.jvm.internal.Ref.ObjectRef' type=com.example.farmforward.database.roomDatabase.User? origin=null
                        receiver: GET_VAR 'val localUser: kotlin.jvm.internal.Ref.ObjectRef<com.example.farmforward.database.roomDatabase.User?> [val] declared in com.example.farmforward.appActivity.userActivity.login.LoginController.handleLogin.<no name provided>.invokeSuspend' type=kotlin.jvm.internal.Ref.ObjectRef<com.example.farmforward.database.roomDatabase.User?> origin=null
                    CALL 'public final fun not (): kotlin.Boolean [operator] declared in kotlin.Boolean' type=kotlin.Boolean origin=null
                      $this: CALL 'public final fun EQEQ (arg0: kotlin.Any?, arg1: kotlin.Any?): kotlin.Boolean declared in kotlin.internal.ir' type=kotlin.Boolean origin=null
                        arg0: GET_VAR 'val tmp0_safe_receiver: com.example.farmforward.database.roomDatabase.User? [val] declared in com.example.farmforward.appActivity.userActivity.login.LoginController.handleLogin.<no name provided>.invokeSuspend' type=com.example.farmforward.database.roomDatabase.User? origin=null
                        arg1: CONST Null type=kotlin.Nothing? value=null
                  then: CALL 'public final fun <get-email> (): kotlin.String declared in com.example.farmforward.database.roomDatabase.User' type=kotlin.String origin=GET_PROPERTY
                    $this: GET_VAR 'val tmp0_safe_receiver: com.example.farmforward.database.roomDatabase.User? [val] declared in com.example.farmforward.appActivity.userActivity.login.LoginController.handleLogin.<no name provided>.invokeSuspend' type=com.example.farmforward.database.roomDatabase.User? origin=null
                BRANCH
                  if: CONST Boolean type=kotlin.Boolean value=true
                  then: CONST Null type=kotlin.Nothing? value=null
    WHEN type=kotlin.Unit origin=IF
      BRANCH
        if: CALL 'public final fun EQEQ (arg0: kotlin.Any?, arg1: kotlin.Any?): kotlin.Boolean declared in kotlin.internal.ir' type=kotlin.Boolean origin=EQEQ
          arg0: GET_FIELD 'FIELD IR_BUILTINS_STUB name:element type:T of kotlin.jvm.internal.Ref.ObjectRef visibility:public declared in kotlin.jvm.internal.Ref.ObjectRef' type=com.example.farmforward.database.roomDatabase.User? origin=null
            receiver: GET_VAR 'val localUser: kotlin.jvm.internal.Ref.ObjectRef<com.example.farmforward.database.roomDatabase.User?> [val] declared in com.example.farmforward.appActivity.userActivity.login.LoginController.handleLogin.<no name provided>.invokeSuspend' type=kotlin.jvm.internal.Ref.ObjectRef<com.example.farmforward.database.roomDatabase.User?> origin=null
          arg1: CONST Null type=kotlin.Nothing? value=null
        then: BLOCK type=kotlin.Unit origin=null
          TRY type=kotlin.Unit
            try: BLOCK type=kotlin.Unit origin=null
              VAR name:usersRef type:com.google.firebase.firestore.CollectionReference [val]
                BLOCK type=com.google.firebase.firestore.CollectionReference origin=null
                  VAR IR_TEMPORARY_VARIABLE name:tmp0 type:kotlin.Any? [val]
                    CALL 'public open fun collection (p0: @[EnhancedNullability] kotlin.String): @[EnhancedNullability] com.google.firebase.firestore.CollectionReference declared in com.google.firebase.firestore.FirebaseFirestore' type=@[EnhancedNullability] com.google.firebase.firestore.CollectionReference origin=null
                      $this: CALL 'public final fun access$getFirestore$p ($this: com.example.farmforward.appActivity.userActivity.login.LoginController): com.google.firebase.firestore.FirebaseFirestore declared in com.example.farmforward.appActivity.userActivity.login.LoginController' type=com.google.firebase.firestore.FirebaseFirestore origin=null
                        $this: GET_FIELD 'FIELD FIELD_FOR_CAPTURED_VALUE name:this$0 type:com.example.farmforward.appActivity.userActivity.login.LoginController visibility:public/*package*/ [final] declared in com.example.farmforward.appActivity.userActivity.login.LoginController.handleLogin.<no name provided>' type=com.example.farmforward.appActivity.userActivity.login.LoginController origin=null
                          receiver: GET_VAR '<this>: com.example.farmforward.appActivity.userActivity.login.LoginController.handleLogin.<no name provided> declared in com.example.farmforward.appActivity.userActivity.login.LoginController.handleLogin.<no name provided>.invokeSuspend' type=com.example.farmforward.appActivity.userActivity.login.LoginController.handleLogin.<no name provided> origin=null
                      p0: CONST String type=kotlin.String value="users"
                  CALL 'public final fun checkNotNullExpressionValue (value: kotlin.Any?, expression: kotlin.String): kotlin.Unit declared in kotlin.jvm.internal.Intrinsics' type=kotlin.Unit origin=null
                    value: GET_VAR 'val tmp0: kotlin.Any? [val] declared in com.example.farmforward.appActivity.userActivity.login.LoginController.handleLogin.<no name provided>.invokeSuspend' type=kotlin.Any? origin=null
                    expression: CONST String type=kotlin.String value="collection(...)"
                  GET_VAR 'val tmp0: kotlin.Any? [val] declared in com.example.farmforward.appActivity.userActivity.login.LoginController.handleLogin.<no name provided>.invokeSuspend' type=kotlin.Any? origin=null
              VAR name:query type:com.google.firebase.firestore.Query [val]
                BLOCK type=com.google.firebase.firestore.Query origin=null
                  VAR IR_TEMPORARY_VARIABLE name:tmp1 type:kotlin.Any? [val]
                    WHEN type=@[EnhancedNullability] com.google.firebase.firestore.Query origin=IF
                      BRANCH
                        if: GET_VAR 'val isInputEmail: kotlin.Boolean [val] declared in com.example.farmforward.appActivity.userActivity.login.LoginController.handleLogin.<no name provided>.invokeSuspend' type=kotlin.Boolean origin=null
                        then: CALL 'public open fun whereEqualTo (p0: @[EnhancedNullability] kotlin.String, p1: @[EnhancedNullability] kotlin.Any?): @[EnhancedNullability] com.google.firebase.firestore.Query [fake_override] declared in com.google.firebase.firestore.CollectionReference' type=@[EnhancedNullability] com.google.firebase.firestore.Query origin=null
                          $this: GET_VAR 'val usersRef: com.google.firebase.firestore.CollectionReference [val] declared in com.example.farmforward.appActivity.userActivity.login.LoginController.handleLogin.<no name provided>.invokeSuspend' type=com.google.firebase.firestore.CollectionReference origin=null
                          p0: CONST String type=kotlin.String value="email"
                          p1: GET_FIELD 'FIELD FIELD_FOR_CAPTURED_VALUE name:$identifier type:kotlin.String visibility:public/*package*/ [final] declared in com.example.farmforward.appActivity.userActivity.login.LoginController.handleLogin.<no name provided>' type=kotlin.String origin=null
                            receiver: GET_VAR '<this>: com.example.farmforward.appActivity.userActivity.login.LoginController.handleLogin.<no name provided> declared in com.example.farmforward.appActivity.userActivity.login.LoginController.handleLogin.<no name provided>.invokeSuspend' type=com.example.farmforward.appActivity.userActivity.login.LoginController.handleLogin.<no name provided> origin=null
                      BRANCH
                        if: CONST Boolean type=kotlin.Boolean value=true
                        then: CALL 'public open fun whereEqualTo (p0: @[EnhancedNullability] kotlin.String, p1: @[EnhancedNullability] kotlin.Any?): @[EnhancedNullability] com.google.firebase.firestore.Query [fake_override] declared in com.google.firebase.firestore.CollectionReference' type=@[EnhancedNullability] com.google.firebase.firestore.Query origin=null
                          $this: GET_VAR 'val usersRef: com.google.firebase.firestore.CollectionReference [val] declared in com.example.farmforward.appActivity.userActivity.login.LoginController.handleLogin.<no name provided>.invokeSuspend' type=com.google.firebase.firestore.CollectionReference origin=null
                          p0: CONST String type=kotlin.String value="username"
                          p1: GET_FIELD 'FIELD FIELD_FOR_CAPTURED_VALUE name:$identifier type:kotlin.String visibility:public/*package*/ [final] declared in com.example.farmforward.appActivity.userActivity.login.LoginController.handleLogin.<no name provided>' type=kotlin.String origin=null
                            receiver: GET_VAR '<this>: com.example.farmforward.appActivity.userActivity.login.LoginController.handleLogin.<no name provided> declared in com.example.farmforward.appActivity.userActivity.login.LoginController.handleLogin.<no name provided>.invokeSuspend' type=com.example.farmforward.appActivity.userActivity.login.LoginController.handleLogin.<no name provided> origin=null
                  CALL 'public final fun checkNotNull (object: kotlin.Any?): kotlin.Unit declared in kotlin.jvm.internal.Intrinsics' type=kotlin.Unit origin=null
                    object: GET_VAR 'val tmp1: kotlin.Any? [val] declared in com.example.farmforward.appActivity.userActivity.login.LoginController.handleLogin.<no name provided>.invokeSuspend' type=kotlin.Any? origin=null
                  GET_VAR 'val tmp1: kotlin.Any? [val] declared in com.example.farmforward.appActivity.userActivity.login.LoginController.handleLogin.<no name provided>.invokeSuspend' type=kotlin.Any? origin=null
              VAR name:snapshot type:@[FlexibleNullability] com.google.firebase.firestore.QuerySnapshot? [val]
                CALL 'public final fun await <T> ($completion: kotlin.coroutines.Continuation<T of kotlinx.coroutines.tasks.TasksKt.await>): kotlin.Any? [suspend] declared in kotlinx.coroutines.tasks.TasksKt' type=@[FlexibleNullability] com.google.firebase.firestore.QuerySnapshot? origin=null
                  <T>: @[FlexibleNullability] com.google.firebase.firestore.QuerySnapshot?
                  $receiver: BLOCK type=com.google.android.gms.tasks.Task<@[FlexibleNullability] com.google.firebase.firestore.QuerySnapshot?> origin=null
                    VAR IR_TEMPORARY_VARIABLE name:tmp2 type:kotlin.Any? [val]
                      CALL 'public open fun get (): @[EnhancedNullability] com.google.android.gms.tasks.Task<@[FlexibleNullability] com.google.firebase.firestore.QuerySnapshot?> declared in com.google.firebase.firestore.Query' type=@[EnhancedNullability] com.google.android.gms.tasks.Task<@[FlexibleNullability] com.google.firebase.firestore.QuerySnapshot?> origin=null
                        $this: GET_VAR 'val query: com.google.firebase.firestore.Query [val] declared in com.example.farmforward.appActivity.userActivity.login.LoginController.handleLogin.<no name provided>.invokeSuspend' type=com.google.firebase.firestore.Query origin=null
                    CALL 'public final fun checkNotNullExpressionValue (value: kotlin.Any?, expression: kotlin.String): kotlin.Unit declared in kotlin.jvm.internal.Intrinsics' type=kotlin.Unit origin=null
                      value: GET_VAR 'val tmp2: kotlin.Any? [val] declared in com.example.farmforward.appActivity.userActivity.login.LoginController.handleLogin.<no name provided>.invokeSuspend' type=kotlin.Any? origin=null
                      expression: CONST String type=kotlin.String value="get(...)"
                    GET_VAR 'val tmp2: kotlin.Any? [val] declared in com.example.farmforward.appActivity.userActivity.login.LoginController.handleLogin.<no name provided>.invokeSuspend' type=kotlin.Any? origin=null
                  $completion: GET_VAR '<this>: com.example.farmforward.appActivity.userActivity.login.LoginController.handleLogin.<no name provided> declared in com.example.farmforward.appActivity.userActivity.login.LoginController.handleLogin.<no name provided>.invokeSuspend' type=com.example.farmforward.appActivity.userActivity.login.LoginController.handleLogin.<no name provided> origin=null
              WHEN type=kotlin.Unit origin=IF
                BRANCH
                  if: CALL 'public final fun not (): kotlin.Boolean [operator] declared in kotlin.Boolean' type=kotlin.Boolean origin=null
                    $this: CALL 'public open fun isEmpty (): kotlin.Boolean declared in com.google.firebase.firestore.QuerySnapshot' type=kotlin.Boolean origin=GET_PROPERTY
                      $this: GET_VAR 'val snapshot: @[FlexibleNullability] com.google.firebase.firestore.QuerySnapshot? [val] declared in com.example.farmforward.appActivity.userActivity.login.LoginController.handleLogin.<no name provided>.invokeSuspend' type=@[FlexibleNullability] com.google.firebase.firestore.QuerySnapshot? origin=null
                  then: BLOCK type=kotlin.Unit origin=null
                    VAR name:doc type:@[FlexibleNullability] com.google.firebase.firestore.DocumentSnapshot? [val]
                      CALL 'public abstract fun get (index: kotlin.Int): E of kotlin.collections.MutableList [fake_override,operator] declared in kotlin.collections.MutableList' type=@[FlexibleNullability] com.google.firebase.firestore.DocumentSnapshot? origin=GET_ARRAY_ELEMENT
                        $this: CALL 'public open fun getDocuments (): @[EnhancedNullability] @[FlexibleMutability] kotlin.collections.MutableList<@[FlexibleNullability] com.google.firebase.firestore.DocumentSnapshot?> declared in com.google.firebase.firestore.QuerySnapshot' type=@[EnhancedNullability] @[FlexibleMutability] kotlin.collections.MutableList<@[FlexibleNullability] com.google.firebase.firestore.DocumentSnapshot?> origin=GET_PROPERTY
                          $this: GET_VAR 'val snapshot: @[FlexibleNullability] com.google.firebase.firestore.QuerySnapshot? [val] declared in com.example.farmforward.appActivity.userActivity.login.LoginController.handleLogin.<no name provided>.invokeSuspend' type=@[FlexibleNullability] com.google.firebase.firestore.QuerySnapshot? origin=null
                        index: CONST Int type=kotlin.Int value=0
                    SET_FIELD 'FIELD IR_BUILTINS_STUB name:element type:T of kotlin.jvm.internal.Ref.ObjectRef visibility:public declared in kotlin.jvm.internal.Ref.ObjectRef' type=kotlin.Unit origin=EQ
                      receiver: GET_VAR 'val emailToUse: kotlin.jvm.internal.Ref.ObjectRef<kotlin.String?> [val] declared in com.example.farmforward.appActivity.userActivity.login.LoginController.handleLogin.<no name provided>.invokeSuspend' type=kotlin.jvm.internal.Ref.ObjectRef<kotlin.String?> origin=null
                      value: CALL 'public open fun getString (p0: @[EnhancedNullability] kotlin.String): @[EnhancedNullability] kotlin.String? declared in com.google.firebase.firestore.DocumentSnapshot' type=@[EnhancedNullability] kotlin.String? origin=null
                        $this: GET_VAR 'val doc: @[FlexibleNullability] com.google.firebase.firestore.DocumentSnapshot? [val] declared in com.example.farmforward.appActivity.userActivity.login.LoginController.handleLogin.<no name provided>.invokeSuspend' type=@[FlexibleNullability] com.google.firebase.firestore.DocumentSnapshot? origin=null
                        p0: CONST String type=kotlin.String value="email"
                    VAR name:prettyName type:kotlin.String [val]
                      BLOCK type=kotlin.String origin=FOLDED_ELVIS
                        WHEN type=kotlin.String origin=FOLDED_ELVIS
                          BRANCH
                            if: COMPOSITE type=kotlin.Boolean origin=null
                              VAR IR_TEMPORARY_VARIABLE name:tmp1_elvis_lhs type:@[EnhancedNullability] kotlin.String? [val]
                                CALL 'public open fun getString (p0: @[EnhancedNullability] kotlin.String): @[EnhancedNullability] kotlin.String? declared in com.google.firebase.firestore.DocumentSnapshot' type=@[EnhancedNullability] kotlin.String? origin=null
                                  $this: GET_VAR 'val doc: @[FlexibleNullability] com.google.firebase.firestore.DocumentSnapshot? [val] declared in com.example.farmforward.appActivity.userActivity.login.LoginController.handleLogin.<no name provided>.invokeSuspend' type=@[FlexibleNullability] com.google.firebase.firestore.DocumentSnapshot? origin=null
                                  p0: CONST String type=kotlin.String value="username"
                              CALL 'public final fun not (): kotlin.Boolean [operator] declared in kotlin.Boolean' type=kotlin.Boolean origin=null
                                $this: CALL 'public final fun EQEQ (arg0: kotlin.Any?, arg1: kotlin.Any?): kotlin.Boolean declared in kotlin.internal.ir' type=kotlin.Boolean origin=null
                                  arg0: GET_VAR 'val tmp1_elvis_lhs: @[EnhancedNullability] kotlin.String? [val] declared in com.example.farmforward.appActivity.userActivity.login.LoginController.handleLogin.<no name provided>.invokeSuspend' type=@[EnhancedNullability] kotlin.String? origin=null
                                  arg1: CONST Null type=kotlin.Nothing? value=null
                            then: GET_VAR 'val tmp1_elvis_lhs: @[EnhancedNullability] kotlin.String? [val] declared in com.example.farmforward.appActivity.userActivity.login.LoginController.handleLogin.<no name provided>.invokeSuspend' type=@[EnhancedNullability] kotlin.String? origin=null
                          BRANCH
                            if: CONST Boolean type=kotlin.Boolean value=true
                            then: BLOCK type=kotlin.String origin=null
                              VAR IR_TEMPORARY_VARIABLE name:tmp3 type:kotlin.Any? [val]
                                CALL 'public open fun getId (): @[EnhancedNullability] kotlin.String declared in com.google.firebase.firestore.DocumentSnapshot' type=@[EnhancedNullability] kotlin.String origin=GET_PROPERTY
                                  $this: GET_VAR 'val doc: @[FlexibleNullability] com.google.firebase.firestore.DocumentSnapshot? [val] declared in com.example.farmforward.appActivity.userActivity.login.LoginController.handleLogin.<no name provided>.invokeSuspend' type=@[FlexibleNullability] com.google.firebase.firestore.DocumentSnapshot? origin=null
                              CALL 'public final fun checkNotNullExpressionValue (value: kotlin.Any?, expression: kotlin.String): kotlin.Unit declared in kotlin.jvm.internal.Intrinsics' type=kotlin.Unit origin=null
                                value: GET_VAR 'val tmp3: kotlin.Any? [val] declared in com.example.farmforward.appActivity.userActivity.login.LoginController.handleLogin.<no name provided>.invokeSuspend' type=kotlin.Any? origin=null
                                expression: CONST String type=kotlin.String value="getId(...)"
                              GET_VAR 'val tmp3: kotlin.Any? [val] declared in com.example.farmforward.appActivity.userActivity.login.LoginController.handleLogin.<no name provided>.invokeSuspend' type=kotlin.Any? origin=null
                    VAR name:realDocId type:kotlin.String [val]
                      BLOCK type=kotlin.String origin=null
                        VAR IR_TEMPORARY_VARIABLE name:tmp4 type:kotlin.Any? [val]
                          CALL 'public open fun getId (): @[EnhancedNullability] kotlin.String declared in com.google.firebase.firestore.DocumentSnapshot' type=@[EnhancedNullability] kotlin.String origin=GET_PROPERTY
                            $this: GET_VAR 'val doc: @[FlexibleNullability] com.google.firebase.firestore.DocumentSnapshot? [val] declared in com.example.farmforward.appActivity.userActivity.login.LoginController.handleLogin.<no name provided>.invokeSuspend' type=@[FlexibleNullability] com.google.firebase.firestore.DocumentSnapshot? origin=null
                        CALL 'public final fun checkNotNullExpressionValue (value: kotlin.Any?, expression: kotlin.String): kotlin.Unit declared in kotlin.jvm.internal.Intrinsics' type=kotlin.Unit origin=null
                          value: GET_VAR 'val tmp4: kotlin.Any? [val] declared in com.example.farmforward.appActivity.userActivity.login.LoginController.handleLogin.<no name provided>.invokeSuspend' type=kotlin.Any? origin=null
                          expression: CONST String type=kotlin.String value="getId(...)"
                        GET_VAR 'val tmp4: kotlin.Any? [val] declared in com.example.farmforward.appActivity.userActivity.login.LoginController.handleLogin.<no name provided>.invokeSuspend' type=kotlin.Any? origin=null
                    WHEN type=kotlin.Unit origin=IF
                      BRANCH
                        if: CALL 'public final fun not (): kotlin.Boolean [operator] declared in kotlin.Boolean' type=kotlin.Boolean origin=EXCLEQ
                          $this: CALL 'public final fun EQEQ (arg0: kotlin.Any?, arg1: kotlin.Any?): kotlin.Boolean declared in kotlin.internal.ir' type=kotlin.Boolean origin=EXCLEQ
                            arg0: GET_FIELD 'FIELD IR_BUILTINS_STUB name:element type:T of kotlin.jvm.internal.Ref.ObjectRef visibility:public declared in kotlin.jvm.internal.Ref.ObjectRef' type=com.example.farmforward.database.roomDatabase.User? origin=null
                              receiver: GET_VAR 'val localUser: kotlin.jvm.internal.Ref.ObjectRef<com.example.farmforward.database.roomDatabase.User?> [val] declared in com.example.farmforward.appActivity.userActivity.login.LoginController.handleLogin.<no name provided>.invokeSuspend' type=kotlin.jvm.internal.Ref.ObjectRef<com.example.farmforward.database.roomDatabase.User?> origin=null
                            arg1: CONST Null type=kotlin.Nothing? value=null
                        then: BLOCK type=kotlin.Unit origin=null
                          WHEN type=kotlin.Unit origin=IF
                            BRANCH
                              if: CALL 'public final fun not (): kotlin.Boolean [operator] declared in kotlin.Boolean' type=kotlin.Boolean origin=EXCLEQ
                                $this: CALL 'public final fun EQEQ (arg0: kotlin.Any?, arg1: kotlin.Any?): kotlin.Boolean declared in kotlin.internal.ir' type=kotlin.Boolean origin=EXCLEQ
                                  arg0: CALL 'public final fun <get-username> (): kotlin.String [fake_override] declared in kotlin.Nothing' type=kotlin.String origin=GET_PROPERTY
                                    $this: BLOCK type=kotlin.Nothing origin=null
                                      CALL 'public final fun CHECK_NOT_NULL <T0> (arg0: T0 of kotlin.internal.ir.CHECK_NOT_NULL?): {T0 of kotlin.internal.ir.CHECK_NOT_NULL & Any} declared in kotlin.internal.ir' type=kotlin.Nothing origin=EXCLEXCL
                                        <T0>: kotlin.Nothing
                                        arg0: GET_FIELD 'FIELD IR_BUILTINS_STUB name:element type:T of kotlin.jvm.internal.Ref.ObjectRef visibility:public declared in kotlin.jvm.internal.Ref.ObjectRef' type=com.example.farmforward.database.roomDatabase.User? origin=null
                                          receiver: GET_VAR 'val localUser: kotlin.jvm.internal.Ref.ObjectRef<com.example.farmforward.database.roomDatabase.User?> [val] declared in com.example.farmforward.appActivity.userActivity.login.LoginController.handleLogin.<no name provided>.invokeSuspend' type=kotlin.jvm.internal.Ref.ObjectRef<com.example.farmforward.database.roomDatabase.User?> origin=null
                                      CALL 'public final fun throwKotlinNothingValueException (): kotlin.Nothing declared in kotlin.jvm.internal.Intrinsics' type=kotlin.Nothing origin=null
                                  arg1: GET_VAR 'val prettyName: kotlin.String [val] declared in com.example.farmforward.appActivity.userActivity.login.LoginController.handleLogin.<no name provided>.invokeSuspend' type=kotlin.String origin=null
                              then: BLOCK type=kotlin.Unit origin=null
                                SET_FIELD 'FIELD IR_BUILTINS_STUB name:element type:T of kotlin.jvm.internal.Ref.ObjectRef visibility:public declared in kotlin.jvm.internal.Ref.ObjectRef' type=kotlin.Unit origin=EQ
                                  receiver: GET_VAR 'val localUser: kotlin.jvm.internal.Ref.ObjectRef<com.example.farmforward.database.roomDatabase.User?> [val] declared in com.example.farmforward.appActivity.userActivity.login.LoginController.handleLogin.<no name provided>.invokeSuspend' type=kotlin.jvm.internal.Ref.ObjectRef<com.example.farmforward.database.roomDatabase.User?> origin=null
                                  value: CALL 'public final fun copy (id: kotlin.Int, username: kotlin.String, password: kotlin.String, lastUpdated: kotlin.Long, email: kotlin.String): com.example.farmforward.database.roomDatabase.User [fake_override] declared in kotlin.Nothing' type=com.example.farmforward.database.roomDatabase.User origin=null
                                    $this: BLOCK type=kotlin.Nothing origin=null
                                      CALL 'public final fun CHECK_NOT_NULL <T0> (arg0: T0 of kotlin.internal.ir.CHECK_NOT_NULL?): {T0 of kotlin.internal.ir.CHECK_NOT_NULL & Any} declared in kotlin.internal.ir' type=kotlin.Nothing origin=EXCLEXCL
                                        <T0>: kotlin.Nothing
                                        arg0: GET_FIELD 'FIELD IR_BUILTINS_STUB name:element type:T of kotlin.jvm.internal.Ref.ObjectRef visibility:public declared in kotlin.jvm.internal.Ref.ObjectRef' type=com.example.farmforward.database.roomDatabase.User? origin=null
                                          receiver: GET_VAR 'val localUser: kotlin.jvm.internal.Ref.ObjectRef<com.example.farmforward.database.roomDatabase.User?> [val] declared in com.example.farmforward.appActivity.userActivity.login.LoginController.handleLogin.<no name provided>.invokeSuspend' type=kotlin.jvm.internal.Ref.ObjectRef<com.example.farmforward.database.roomDatabase.User?> origin=null
                                      CALL 'public final fun throwKotlinNothingValueException (): kotlin.Nothing declared in kotlin.jvm.internal.Intrinsics' type=kotlin.Nothing origin=null
                                    username: GET_VAR 'val prettyName: kotlin.String [val] declared in com.example.farmforward.appActivity.userActivity.login.LoginController.handleLogin.<no name provided>.invokeSuspend' type=kotlin.String origin=null
                      BRANCH
                        if: CONST Boolean type=kotlin.Boolean value=true
                        then: BLOCK type=kotlin.Unit origin=null
                          SET_FIELD 'FIELD IR_BUILTINS_STUB name:element type:T of kotlin.jvm.internal.Ref.ObjectRef visibility:public declared in kotlin.jvm.internal.Ref.ObjectRef' type=kotlin.Unit origin=EQ
                            receiver: GET_VAR 'val localUser: kotlin.jvm.internal.Ref.ObjectRef<com.example.farmforward.database.roomDatabase.User?> [val] declared in com.example.farmforward.appActivity.userActivity.login.LoginController.handleLogin.<no name provided>.invokeSuspend' type=kotlin.jvm.internal.Ref.ObjectRef<com.example.farmforward.database.roomDatabase.User?> origin=null
                            value: BLOCK type=com.example.farmforward.database.roomDatabase.User origin=ARGUMENTS_REORDERING_FOR_CALL
                              VAR IR_TEMPORARY_VARIABLE name:tmp3_email type:kotlin.String [val]
                                BLOCK type=kotlin.String origin=FOLDED_ELVIS
                                  WHEN type=kotlin.String origin=FOLDED_ELVIS
                                    BRANCH
                                      if: COMPOSITE type=kotlin.Boolean origin=null
                                        VAR IR_TEMPORARY_VARIABLE name:tmp2_elvis_lhs type:kotlin.String? [val]
                                          GET_FIELD 'FIELD IR_BUILTINS_STUB name:element type:T of kotlin.jvm.internal.Ref.ObjectRef visibility:public declared in kotlin.jvm.internal.Ref.ObjectRef' type=kotlin.String? origin=null
                                            receiver: GET_VAR 'val emailToUse: kotlin.jvm.internal.Ref.ObjectRef<kotlin.String?> [val] declared in com.example.farmforward.appActivity.userActivity.login.LoginController.handleLogin.<no name provided>.invokeSuspend' type=kotlin.jvm.internal.Ref.ObjectRef<kotlin.String?> origin=null
                                        CALL 'public final fun not (): kotlin.Boolean [operator] declared in kotlin.Boolean' type=kotlin.Boolean origin=null
                                          $this: CALL 'public final fun EQEQ (arg0: kotlin.Any?, arg1: kotlin.Any?): kotlin.Boolean declared in kotlin.internal.ir' type=kotlin.Boolean origin=null
                                            arg0: GET_VAR 'val tmp2_elvis_lhs: kotlin.String? [val] declared in com.example.farmforward.appActivity.userActivity.login.LoginController.handleLogin.<no name provided>.invokeSuspend' type=kotlin.String? origin=null
                                            arg1: CONST Null type=kotlin.Nothing? value=null
                                      then: GET_VAR 'val tmp2_elvis_lhs: kotlin.String? [val] declared in com.example.farmforward.appActivity.userActivity.login.LoginController.handleLogin.<no name provided>.invokeSuspend' type=kotlin.String? origin=null
                                    BRANCH
                                      if: CONST Boolean type=kotlin.Boolean value=true
                                      then: CONST String type=kotlin.String value=""
                              CONSTRUCTOR_CALL 'public constructor <init> (id: kotlin.Int, username: kotlin.String?, password: kotlin.String?, lastUpdated: kotlin.Long, email: kotlin.String?, $mask0: kotlin.Int, $marker: kotlin.jvm.internal.DefaultConstructorMarker?) declared in com.example.farmforward.database.roomDatabase.User' type=com.example.farmforward.database.roomDatabase.User origin=DEFAULT_DISPATCH_CALL
                                id: CONST Int type=kotlin.Int value=0
                                username: GET_VAR 'val prettyName: kotlin.String [val] declared in com.example.farmforward.appActivity.userActivity.login.LoginController.handleLogin.<no name provided>.invokeSuspend' type=kotlin.String origin=null
                                password: CONST String type=kotlin.String value=""
                                lastUpdated: COMPOSITE type=kotlin.Long origin=DEFAULT_VALUE
                                  CONST Long type=kotlin.Long value=0
                                email: GET_VAR 'val tmp3_email: kotlin.String [val] declared in com.example.farmforward.appActivity.userActivity.login.LoginController.handleLogin.<no name provided>.invokeSuspend' type=kotlin.String origin=null
                                $mask0: CONST Int type=kotlin.Int value=8
                                $marker: CONST Null type=kotlin.jvm.internal.DefaultConstructorMarker? value=null
            CATCH parameter=val e: java.lang.Exception [val] declared in com.example.farmforward.appActivity.userActivity.login.LoginController.handleLogin.<no name provided>.invokeSuspend
              VAR CATCH_PARAMETER name:e type:java.lang.Exception [val]
              BLOCK type=kotlin.Unit origin=null
                CALL 'public open fun printStackTrace (): kotlin.Unit [fake_override] declared in java.lang.Exception' type=kotlin.Unit origin=null
                  $this: GET_VAR 'val e: java.lang.Exception [val] declared in com.example.farmforward.appActivity.userActivity.login.LoginController.handleLogin.<no name provided>.invokeSuspend' type=java.lang.Exception origin=null
    WHEN type=kotlin.Unit origin=IF
      BRANCH
        if: CALL 'public final fun isNullOrEmpty (): kotlin.Boolean [inline] declared in kotlin.text.StringsKt' type=kotlin.Boolean origin=null
          $receiver: GET_FIELD 'FIELD IR_BUILTINS_STUB name:element type:T of kotlin.jvm.internal.Ref.ObjectRef visibility:public declared in kotlin.jvm.internal.Ref.ObjectRef' type=kotlin.String? origin=null
            receiver: GET_VAR 'val emailToUse: kotlin.jvm.internal.Ref.ObjectRef<kotlin.String?> [val] declared in com.example.farmforward.appActivity.userActivity.login.LoginController.handleLogin.<no name provided>.invokeSuspend' type=kotlin.jvm.internal.Ref.ObjectRef<kotlin.String?> origin=null
        then: BLOCK type=kotlin.Unit origin=null
          COMPOSITE type=kotlin.Unit origin=null
            CALL 'public final fun withContext <T> (context: kotlin.coroutines.CoroutineContext, block: @[ExtensionFunctionType] kotlin.coroutines.SuspendFunction1<kotlinx.coroutines.CoroutineScope, T of kotlinx.coroutines.BuildersKt.withContext>, $completion: kotlin.coroutines.Continuation<T of kotlinx.coroutines.BuildersKt.withContext>): kotlin.Any? [suspend] declared in kotlinx.coroutines.BuildersKt' type=kotlin.Unit? origin=null
              <T>: kotlin.Unit?
              context: CALL 'public final fun <get-Main> (): kotlinx.coroutines.MainCoroutineDispatcher declared in kotlinx.coroutines.Dispatchers' type=kotlinx.coroutines.MainCoroutineDispatcher origin=GET_PROPERTY
              block: BLOCK type=com.example.farmforward.appActivity.userActivity.login.LoginController.handleLogin.<no name provided>.invokeSuspend.<no name provided> origin=null
                CLASS SUSPEND_LAMBDA CLASS name:<no name provided> modality:FINAL visibility:public/*package*/ superTypes:[kotlin.coroutines.jvm.internal.SuspendLambda; kotlin.jvm.functions.Function2<kotlinx.coroutines.CoroutineScope, kotlin.coroutines.Continuation<kotlin.Unit?>?, kotlin.Any?>]
                  $this: VALUE_PARAMETER INSTANCE_RECEIVER name:<this> type:com.example.farmforward.appActivity.userActivity.login.LoginController.handleLogin.<no name provided>.invokeSuspend.<no name provided>
                  FIELD name:label type:kotlin.Int visibility:public/*package*/
                  CONSTRUCTOR SUSPEND_LAMBDA visibility:public/*package*/ <> (this$0:com.example.farmforward.appActivity.userActivity.login.LoginController, $completion:kotlin.coroutines.Continuation<com.example.farmforward.appActivity.userActivity.login.LoginController.handleLogin.<no name provided>.invokeSuspend.<no name provided>>?) returnType:com.example.farmforward.appActivity.userActivity.login.LoginController.handleLogin.<no name provided>.invokeSuspend.<no name provided> [primary]
                    VALUE_PARAMETER BOUND_RECEIVER_PARAMETER name:this$0 index:0 type:com.example.farmforward.appActivity.userActivity.login.LoginController
                    VALUE_PARAMETER name:$completion index:1 type:kotlin.coroutines.Continuation<com.example.farmforward.appActivity.userActivity.login.LoginController.handleLogin.<no name provided>.invokeSuspend.<no name provided>>?
                    BLOCK_BODY
                      SET_FIELD 'FIELD FIELD_FOR_CAPTURED_VALUE name:this$0 type:com.example.farmforward.appActivity.userActivity.login.LoginController visibility:public/*package*/ [final] declared in com.example.farmforward.appActivity.userActivity.login.LoginController.handleLogin.<no name provided>.invokeSuspend.<no name provided>' type=kotlin.Unit origin=INITIALIZER_OF_FIELD_FOR_CAPTURED_VALUE
                        receiver: GET_VAR '<this>: com.example.farmforward.appActivity.userActivity.login.LoginController.handleLogin.<no name provided>.invokeSuspend.<no name provided> declared in com.example.farmforward.appActivity.userActivity.login.LoginController.handleLogin.<no name provided>.invokeSuspend.<no name provided>' type=com.example.farmforward.appActivity.userActivity.login.LoginController.handleLogin.<no name provided>.invokeSuspend.<no name provided> origin=null
                        value: GET_VAR 'this$0: com.example.farmforward.appActivity.userActivity.login.LoginController declared in com.example.farmforward.appActivity.userActivity.login.LoginController.handleLogin.<no name provided>.invokeSuspend.<no name provided>.<init>' type=com.example.farmforward.appActivity.userActivity.login.LoginController origin=null
                      DELEGATING_CONSTRUCTOR_CALL 'public constructor <init> (arity: kotlin.Int, $completion: kotlin.coroutines.Continuation<kotlin.Any?>?) declared in kotlin.coroutines.jvm.internal.SuspendLambda'
                        arity: CONST Int type=kotlin.Int value=2
                        $completion: GET_VAR '$completion: kotlin.coroutines.Continuation<com.example.farmforward.appActivity.userActivity.login.LoginController.handleLogin.<no name provided>.invokeSuspend.<no name provided>>? declared in com.example.farmforward.appActivity.userActivity.login.LoginController.handleLogin.<no name provided>.invokeSuspend.<no name provided>.<init>' type=kotlin.coroutines.Continuation<com.example.farmforward.appActivity.userActivity.login.LoginController.handleLogin.<no name provided>.invokeSuspend.<no name provided>>? origin=null
                      BLOCK type=kotlin.Unit origin=null
                  FUN name:invokeSuspend visibility:public modality:FINAL <> ($this:com.example.farmforward.appActivity.userActivity.login.LoginController.handleLogin.<no name provided>.invokeSuspend.<no name provided>, $result:kotlin.Result<kotlin.Any?>) returnType:kotlin.Any?
                    overridden:
                      protected abstract fun invokeSuspend ($result: kotlin.Result<kotlin.Any?>): kotlin.Any? declared in kotlin.coroutines.jvm.internal.SuspendLambda
                    $this: VALUE_PARAMETER INSTANCE_RECEIVER name:<this> type:com.example.farmforward.appActivity.userActivity.login.LoginController.handleLogin.<no name provided>.invokeSuspend.<no name provided>
                    VALUE_PARAMETER name:$result index:0 type:kotlin.Result<kotlin.Any?>
                    BLOCK_BODY
                      RETURN type=kotlin.Nothing from='public final fun invokeSuspend ($result: kotlin.Result<kotlin.Any?>): kotlin.Any? declared in com.example.farmforward.appActivity.userActivity.login.LoginController.handleLogin.<no name provided>.invokeSuspend.<no name provided>'
                        BLOCK type=kotlin.Unit? origin=FOLDED_SAFE_CALL
                          WHEN type=kotlin.Unit? origin=FOLDED_SAFE_CALL
                            BRANCH
                              if: COMPOSITE type=kotlin.Boolean origin=null
                                VAR IR_TEMPORARY_VARIABLE name:tmp0_safe_receiver type:com.example.farmforward.appActivity.userActivity.login.LoginView? [val]
                                  CALL 'public final fun access$getView$p ($this: com.example.farmforward.appActivity.userActivity.login.LoginController): com.example.farmforward.appActivity.userActivity.login.LoginView? declared in com.example.farmforward.appActivity.userActivity.login.LoginController' type=com.example.farmforward.appActivity.userActivity.login.LoginView? origin=null
                                    $this: GET_FIELD 'FIELD FIELD_FOR_CAPTURED_VALUE name:this$0 type:com.example.farmforward.appActivity.userActivity.login.LoginController visibility:public/*package*/ [final] declared in com.example.farmforward.appActivity.userActivity.login.LoginController.handleLogin.<no name provided>.invokeSuspend.<no name provided>' type=com.example.farmforward.appActivity.userActivity.login.LoginController origin=null
                                      receiver: GET_VAR '<this>: com.example.farmforward.appActivity.userActivity.login.LoginController.handleLogin.<no name provided>.invokeSuspend.<no name provided> declared in com.example.farmforward.appActivity.userActivity.login.LoginController.handleLogin.<no name provided>.invokeSuspend.<no name provided>.invokeSuspend' type=com.example.farmforward.appActivity.userActivity.login.LoginController.handleLogin.<no name provided>.invokeSuspend.<no name provided> origin=null
                                CALL 'public final fun not (): kotlin.Boolean [operator] declared in kotlin.Boolean' type=kotlin.Boolean origin=null
                                  $this: CALL 'public final fun EQEQ (arg0: kotlin.Any?, arg1: kotlin.Any?): kotlin.Boolean declared in kotlin.internal.ir' type=kotlin.Boolean origin=null
                                    arg0: GET_VAR 'val tmp0_safe_receiver: com.example.farmforward.appActivity.userActivity.login.LoginView? [val] declared in com.example.farmforward.appActivity.userActivity.login.LoginController.handleLogin.<no name provided>.invokeSuspend.<no name provided>.invokeSuspend' type=com.example.farmforward.appActivity.userActivity.login.LoginView? origin=null
                                    arg1: CONST Null type=kotlin.Nothing? value=null
                              then: CALL 'public abstract fun showToast (message: kotlin.String, isError: kotlin.Boolean): kotlin.Unit declared in com.example.farmforward.appActivity.userActivity.login.LoginView' type=kotlin.Unit origin=null
                                $this: GET_VAR 'val tmp0_safe_receiver: com.example.farmforward.appActivity.userActivity.login.LoginView? [val] declared in com.example.farmforward.appActivity.userActivity.login.LoginController.handleLogin.<no name provided>.invokeSuspend.<no name provided>.invokeSuspend' type=com.example.farmforward.appActivity.userActivity.login.LoginView? origin=null
                                message: CONST String type=kotlin.String value="Account not found."
                                isError: CONST Boolean type=kotlin.Boolean value=true
                            BRANCH
                              if: CONST Boolean type=kotlin.Boolean value=true
                              then: CONST Null type=kotlin.Nothing? value=null
                  FUN name:create visibility:public modality:FINAL <> ($this:com.example.farmforward.appActivity.userActivity.login.LoginController.handleLogin.<no name provided>.invokeSuspend.<no name provided>, value:kotlin.Any?, $completion:kotlin.coroutines.Continuation<kotlin.Nothing>) returnType:kotlin.coroutines.Continuation<kotlin.Unit>
                    overridden:
                      public open fun create (value: kotlin.Any?, $completion: kotlin.coroutines.Continuation<kotlin.Nothing>): kotlin.coroutines.Continuation<kotlin.Unit> declared in kotlin.coroutines.jvm.internal.SuspendLambda
                    $this: VALUE_PARAMETER INSTANCE_RECEIVER name:<this> type:com.example.farmforward.appActivity.userActivity.login.LoginController.handleLogin.<no name provided>.invokeSuspend.<no name provided>
                    VALUE_PARAMETER name:value index:0 type:kotlin.Any?
                    VALUE_PARAMETER name:$completion index:1 type:kotlin.coroutines.Continuation<kotlin.Nothing>
                    BLOCK_BODY
                      RETURN type=kotlin.Nothing from='public final fun create (value: kotlin.Any?, $completion: kotlin.coroutines.Continuation<kotlin.Nothing>): kotlin.coroutines.Continuation<kotlin.Unit> declared in com.example.farmforward.appActivity.userActivity.login.LoginController.handleLogin.<no name provided>.invokeSuspend.<no name provided>'
                        CONSTRUCTOR_CALL 'public/*package*/ constructor <init> (this$0: com.example.farmforward.appActivity.userActivity.login.LoginController, $completion: kotlin.coroutines.Continuation<com.example.farmforward.appActivity.userActivity.login.LoginController.handleLogin.<no name provided>.invokeSuspend.<no name provided>>?) [primary] declared in com.example.farmforward.appActivity.userActivity.login.LoginController.handleLogin.<no name provided>.invokeSuspend.<no name provided>' type=com.example.farmforward.appActivity.userActivity.login.LoginController.handleLogin.<no name provided>.invokeSuspend.<no name provided> origin=null
                          this$0: GET_FIELD 'FIELD FIELD_FOR_CAPTURED_VALUE name:this$0 type:com.example.farmforward.appActivity.userActivity.login.LoginController visibility:public/*package*/ [final] declared in com.example.farmforward.appActivity.userActivity.login.LoginController.handleLogin.<no name provided>.invokeSuspend.<no name provided>' type=com.example.farmforward.appActivity.userActivity.login.LoginController origin=null
                            receiver: GET_VAR '<this>: com.example.farmforward.appActivity.userActivity.login.LoginController.handleLogin.<no name provided>.invokeSuspend.<no name provided> declared in com.example.farmforward.appActivity.userActivity.login.LoginController.handleLogin.<no name provided>.invokeSuspend.<no name provided>.create' type=com.example.farmforward.appActivity.userActivity.login.LoginController.handleLogin.<no name provided>.invokeSuspend.<no name provided> origin=null
                          $completion: GET_VAR '$completion: kotlin.coroutines.Continuation<kotlin.Nothing> declared in com.example.farmforward.appActivity.userActivity.login.LoginController.handleLogin.<no name provided>.invokeSuspend.<no name provided>.create' type=kotlin.coroutines.Continuation<kotlin.Nothing> origin=null
                  FUN name:invoke visibility:public modality:FINAL <> ($this:com.example.farmforward.appActivity.userActivity.login.LoginController.handleLogin.<no name provided>.invokeSuspend.<no name provided>, p1:kotlinx.coroutines.CoroutineScope, p2:kotlin.coroutines.Continuation<kotlin.Unit?>?) returnType:kotlin.Any?
                    overridden:
                      public abstract fun invoke (p1: P1 of kotlin.jvm.functions.Function2, p2: P2 of kotlin.jvm.functions.Function2): R of kotlin.jvm.functions.Function2 declared in kotlin.jvm.functions.Function2
                    $this: VALUE_PARAMETER INSTANCE_RECEIVER name:<this> type:com.example.farmforward.appActivity.userActivity.login.LoginController.handleLogin.<no name provided>.invokeSuspend.<no name provided>
                    VALUE_PARAMETER name:p1 index:0 type:kotlinx.coroutines.CoroutineScope
                    VALUE_PARAMETER name:p2 index:1 type:kotlin.coroutines.Continuation<kotlin.Unit?>?
                    BLOCK_BODY
                      RETURN type=kotlin.Nothing from='public final fun invoke (p1: kotlinx.coroutines.CoroutineScope, p2: kotlin.coroutines.Continuation<kotlin.Unit?>?): kotlin.Any? declared in com.example.farmforward.appActivity.userActivity.login.LoginController.handleLogin.<no name provided>.invokeSuspend.<no name provided>'
                        CALL 'public final fun invokeSuspend ($result: kotlin.Result<kotlin.Any?>): kotlin.Any? declared in com.example.farmforward.appActivity.userActivity.login.LoginController.handleLogin.<no name provided>.invokeSuspend.<no name provided>' type=kotlin.Any? origin=null
                          $this: TYPE_OP type=com.example.farmforward.appActivity.userActivity.login.LoginController.handleLogin.<no name provided>.invokeSuspend.<no name provided> origin=IMPLICIT_CAST typeOperand=com.example.farmforward.appActivity.userActivity.login.LoginController.handleLogin.<no name provided>.invokeSuspend.<no name provided>
                            CALL 'public final fun create (value: kotlin.Any?, $completion: kotlin.coroutines.Continuation<kotlin.Nothing>): kotlin.coroutines.Continuation<kotlin.Unit> declared in com.example.farmforward.appActivity.userActivity.login.LoginController.handleLogin.<no name provided>.invokeSuspend.<no name provided>' type=kotlin.coroutines.Continuation<kotlin.Unit> origin=null
                              $this: GET_VAR '<this>: com.example.farmforward.appActivity.userActivity.login.LoginController.handleLogin.<no name provided>.invokeSuspend.<no name provided> declared in com.example.farmforward.appActivity.userActivity.login.LoginController.handleLogin.<no name provided>.invokeSuspend.<no name provided>.invoke' type=com.example.farmforward.appActivity.userActivity.login.LoginController.handleLogin.<no name provided>.invokeSuspend.<no name provided> origin=null
                              value: GET_VAR 'p1: kotlinx.coroutines.CoroutineScope declared in com.example.farmforward.appActivity.userActivity.login.LoginController.handleLogin.<no name provided>.invokeSuspend.<no name provided>.invoke' type=kotlinx.coroutines.CoroutineScope origin=null
                              $completion: GET_VAR 'p2: kotlin.coroutines.Continuation<kotlin.Unit?>? declared in com.example.farmforward.appActivity.userActivity.login.LoginController.handleLogin.<no name provided>.invokeSuspend.<no name provided>.invoke' type=kotlin.coroutines.Continuation<kotlin.Unit?>? origin=null
                          $result: CALL 'public final fun <unsafe-coerce> <T, R> (v: T of kotlin.jvm.internal.<unsafe-coerce>): R of kotlin.jvm.internal.<unsafe-coerce> declared in kotlin.jvm.internal' type=kotlin.Result<kotlin.Any?> origin=null
                            <T>: kotlin.Any?
                            <R>: kotlin.Result<kotlin.Any?>
                            v: GET_FIELD 'FIELD FIELD_FOR_OBJECT_INSTANCE name:INSTANCE type:kotlin.Unit visibility:public [final,static] declared in kotlin.Unit' type=kotlin.Unit origin=null
                  FIELD FIELD_FOR_CAPTURED_VALUE name:this$0 type:com.example.farmforward.appActivity.userActivity.login.LoginController visibility:public/*package*/ [final]
                  FUN BRIDGE name:invoke visibility:public modality:OPEN <> ($this:com.example.farmforward.appActivity.userActivity.login.LoginController.handleLogin.<no name provided>.invokeSuspend.<no name provided>, p1:kotlin.Any?, p2:kotlin.Any?) returnType:kotlin.Any?
                    $this: VALUE_PARAMETER INSTANCE_RECEIVER name:<this> type:com.example.farmforward.appActivity.userActivity.login.LoginController.handleLogin.<no name provided>.invokeSuspend.<no name provided>
                    VALUE_PARAMETER BRIDGE name:p1 index:0 type:kotlin.Any?
                    VALUE_PARAMETER BRIDGE name:p2 index:1 type:kotlin.Any?
                    EXPRESSION_BODY
                      RETURN type=kotlin.Nothing from='public open fun invoke (p1: kotlin.Any?, p2: kotlin.Any?): kotlin.Any? declared in com.example.farmforward.appActivity.userActivity.login.LoginController.handleLogin.<no name provided>.invokeSuspend.<no name provided>'
                        CALL 'public final fun invoke (p1: kotlinx.coroutines.CoroutineScope, p2: kotlin.coroutines.Continuation<kotlin.Unit?>?): kotlin.Any? declared in com.example.farmforward.appActivity.userActivity.login.LoginController.handleLogin.<no name provided>.invokeSuspend.<no name provided>' type=kotlin.Any? origin=BRIDGE_DELEGATION
                          $this: GET_VAR '<this>: com.example.farmforward.appActivity.userActivity.login.LoginController.handleLogin.<no name provided>.invokeSuspend.<no name provided> declared in com.example.farmforward.appActivity.userActivity.login.LoginController.handleLogin.<no name provided>.invokeSuspend.<no name provided>.invoke' type=com.example.farmforward.appActivity.userActivity.login.LoginController.handleLogin.<no name provided>.invokeSuspend.<no name provided> origin=null
                          p1: TYPE_OP type=kotlinx.coroutines.CoroutineScope origin=IMPLICIT_CAST typeOperand=kotlinx.coroutines.CoroutineScope
                            GET_VAR 'p1: kotlin.Any? declared in com.example.farmforward.appActivity.userActivity.login.LoginController.handleLogin.<no name provided>.invokeSuspend.<no name provided>.invoke' type=kotlin.Any? origin=null
                          p2: TYPE_OP type=kotlin.coroutines.Continuation<*> origin=IMPLICIT_CAST typeOperand=kotlin.coroutines.Continuation<*>
                            GET_VAR 'p2: kotlin.Any? declared in com.example.farmforward.appActivity.userActivity.login.LoginController.handleLogin.<no name provided>.invokeSuspend.<no name provided>.invoke' type=kotlin.Any? origin=null
                CONSTRUCTOR_CALL 'public/*package*/ constructor <init> (this$0: com.example.farmforward.appActivity.userActivity.login.LoginController, $completion: kotlin.coroutines.Continuation<com.example.farmforward.appActivity.userActivity.login.LoginController.handleLogin.<no name provided>.invokeSuspend.<no name provided>>?) [primary] declared in com.example.farmforward.appActivity.userActivity.login.LoginController.handleLogin.<no name provided>.invokeSuspend.<no name provided>' type=com.example.farmforward.appActivity.userActivity.login.LoginController.handleLogin.<no name provided>.invokeSuspend.<no name provided> origin=null
                  this$0: GET_FIELD 'FIELD FIELD_FOR_CAPTURED_VALUE name:this$0 type:com.example.farmforward.appActivity.userActivity.login.LoginController visibility:public/*package*/ [final] declared in com.example.farmforward.appActivity.userActivity.login.LoginController.handleLogin.<no name provided>' type=com.example.farmforward.appActivity.userActivity.login.LoginController origin=null
                    receiver: GET_VAR '<this>: com.example.farmforward.appActivity.userActivity.login.LoginController.handleLogin.<no name provided> declared in com.example.farmforward.appActivity.userActivity.login.LoginController.handleLogin.<no name provided>.invokeSuspend' type=com.example.farmforward.appActivity.userActivity.login.LoginController.handleLogin.<no name provided> origin=null
                  $completion: CONST Null type=kotlin.Nothing? value=null
              $completion: GET_VAR '<this>: com.example.farmforward.appActivity.userActivity.login.LoginController.handleLogin.<no name provided> declared in com.example.farmforward.appActivity.userActivity.login.LoginController.handleLogin.<no name provided>.invokeSuspend' type=com.example.farmforward.appActivity.userActivity.login.LoginController.handleLogin.<no name provided> origin=null
          RETURN type=kotlin.Nothing from='public final fun invokeSuspend ($result: kotlin.Result<kotlin.Any?>): kotlin.Any? declared in com.example.farmforward.appActivity.userActivity.login.LoginController.handleLogin.<no name provided>'
            GET_FIELD 'FIELD FIELD_FOR_OBJECT_INSTANCE name:INSTANCE type:kotlin.Unit visibility:public [final,static] declared in kotlin.Unit' type=kotlin.Unit origin=null
    COMPOSITE type=kotlin.Unit origin=null
      CALL 'public abstract fun addOnFailureListener (p0: @[EnhancedNullability] com.google.android.gms.tasks.OnFailureListener): @[EnhancedNullability] com.google.android.gms.tasks.Task<@[FlexibleNullability] TResult of com.google.android.gms.tasks.Task?> declared in com.google.android.gms.tasks.Task' type=@[EnhancedNullability] com.google.android.gms.tasks.Task<@[FlexibleNullability] com.google.firebase.auth.AuthResult?> origin=null
        $this: CALL 'public abstract fun addOnSuccessListener (p0: @[EnhancedNullability] com.google.android.gms.tasks.OnSuccessListener<in @[FlexibleNullability] TResult of com.google.android.gms.tasks.Task?>): @[EnhancedNullability] com.google.android.gms.tasks.Task<@[FlexibleNullability] TResult of com.google.android.gms.tasks.Task?> declared in com.google.android.gms.tasks.Task' type=@[EnhancedNullability] com.google.android.gms.tasks.Task<@[FlexibleNullability] com.google.firebase.auth.AuthResult?> origin=null
          $this: CALL 'public open fun signInWithEmailAndPassword (p0: @[EnhancedNullability] kotlin.String, p1: @[EnhancedNullability] kotlin.String): @[EnhancedNullability] com.google.android.gms.tasks.Task<@[FlexibleNullability] com.google.firebase.auth.AuthResult?> declared in com.google.firebase.auth.FirebaseAuth' type=@[EnhancedNullability] com.google.android.gms.tasks.Task<@[FlexibleNullability] com.google.firebase.auth.AuthResult?> origin=null
            $this: CALL 'public final fun access$getAuth$p ($this: com.example.farmforward.appActivity.userActivity.login.LoginController): com.google.firebase.auth.FirebaseAuth declared in com.example.farmforward.appActivity.userActivity.login.LoginController' type=com.google.firebase.auth.FirebaseAuth origin=null
              $this: GET_FIELD 'FIELD FIELD_FOR_CAPTURED_VALUE name:this$0 type:com.example.farmforward.appActivity.userActivity.login.LoginController visibility:public/*package*/ [final] declared in com.example.farmforward.appActivity.userActivity.login.LoginController.handleLogin.<no name provided>' type=com.example.farmforward.appActivity.userActivity.login.LoginController origin=null
                receiver: GET_VAR '<this>: com.example.farmforward.appActivity.userActivity.login.LoginController.handleLogin.<no name provided> declared in com.example.farmforward.appActivity.userActivity.login.LoginController.handleLogin.<no name provided>.invokeSuspend' type=com.example.farmforward.appActivity.userActivity.login.LoginController.handleLogin.<no name provided> origin=null
            p0: CALL 'public final fun CHECK_NOT_NULL <T0> (arg0: T0 of kotlin.internal.ir.CHECK_NOT_NULL?): {T0 of kotlin.internal.ir.CHECK_NOT_NULL & Any} declared in kotlin.internal.ir' type=kotlin.String origin=EXCLEXCL
              <T0>: kotlin.String
              arg0: GET_FIELD 'FIELD IR_BUILTINS_STUB name:element type:T of kotlin.jvm.internal.Ref.ObjectRef visibility:public declared in kotlin.jvm.internal.Ref.ObjectRef' type=kotlin.String? origin=null
                receiver: GET_VAR 'val emailToUse: kotlin.jvm.internal.Ref.ObjectRef<kotlin.String?> [val] declared in com.example.farmforward.appActivity.userActivity.login.LoginController.handleLogin.<no name provided>.invokeSuspend' type=kotlin.jvm.internal.Ref.ObjectRef<kotlin.String?> origin=null
            p1: GET_FIELD 'FIELD FIELD_FOR_CAPTURED_VALUE name:$password type:kotlin.String visibility:public/*package*/ [final] declared in com.example.farmforward.appActivity.userActivity.login.LoginController.handleLogin.<no name provided>' type=kotlin.String origin=null
              receiver: GET_VAR '<this>: com.example.farmforward.appActivity.userActivity.login.LoginController.handleLogin.<no name provided> declared in com.example.farmforward.appActivity.userActivity.login.LoginController.handleLogin.<no name provided>.invokeSuspend' type=com.example.farmforward.appActivity.userActivity.login.LoginController.handleLogin.<no name provided> origin=null
          p0: BLOCK type=com.google.android.gms.tasks.OnSuccessListener<kotlin.Any?> origin=LAMBDA
            VAR IR_TEMPORARY_VARIABLE name:tmp0 type:kotlin.Function1<kotlin.Any?, kotlin.Unit> [val]
              TYPE_OP type=kotlin.Function1<kotlin.Any?, kotlin.Unit> origin=IMPLICIT_CAST typeOperand=kotlin.Function1<kotlin.Any?, kotlin.Unit>
                BLOCK type=kotlin.Function1<@[FlexibleNullability] com.google.firebase.auth.AuthResult?, kotlin.Unit> origin=LAMBDA
                  COMPOSITE type=kotlin.Unit origin=null
                  CALL 'public final fun <jvm-indy> <T> (dynamicCall: T of kotlin.jvm.internal.<jvm-indy>, bootstrapMethodHandle: kotlin.Any, vararg bootstrapMethodArguments: kotlin.Any): T of kotlin.jvm.internal.<jvm-indy> declared in kotlin.jvm.internal' type=kotlin.Function1<@[FlexibleNullability] com.google.firebase.auth.AuthResult?, kotlin.Unit> origin=null
                    <T>: kotlin.Function1<@[FlexibleNullability] com.google.firebase.auth.AuthResult?, kotlin.Unit>
                    dynamicCall: CALL 'public final fun invoke (p0: com.example.farmforward.appActivity.userActivity.login.LoginController, p1: kotlin.jvm.internal.Ref.ObjectRef<kotlin.String?>, p2: kotlin.String, p3: kotlin.jvm.internal.Ref.ObjectRef<com.example.farmforward.database.roomDatabase.User?>, p4: kotlin.Boolean): kotlin.Function1<@[FlexibleNullability] com.google.firebase.auth.AuthResult?, kotlin.Unit> declared in kotlin.jvm.internal.invokeDynamic' type=kotlin.Function1<@[FlexibleNullability] com.google.firebase.auth.AuthResult?, kotlin.Unit> origin=null
                      p0: GET_FIELD 'FIELD FIELD_FOR_CAPTURED_VALUE name:this$0 type:com.example.farmforward.appActivity.userActivity.login.LoginController visibility:public/*package*/ [final] declared in com.example.farmforward.appActivity.userActivity.login.LoginController.handleLogin.<no name provided>' type=com.example.farmforward.appActivity.userActivity.login.LoginController origin=null
                        receiver: GET_VAR '<this>: com.example.farmforward.appActivity.userActivity.login.LoginController.handleLogin.<no name provided> declared in com.example.farmforward.appActivity.userActivity.login.LoginController.handleLogin.<no name provided>.invokeSuspend' type=com.example.farmforward.appActivity.userActivity.login.LoginController.handleLogin.<no name provided> origin=null
                      p1: GET_VAR 'val emailToUse: kotlin.jvm.internal.Ref.ObjectRef<kotlin.String?> [val] declared in com.example.farmforward.appActivity.userActivity.login.LoginController.handleLogin.<no name provided>.invokeSuspend' type=kotlin.jvm.internal.Ref.ObjectRef<kotlin.String?> origin=null
                      p2: GET_FIELD 'FIELD FIELD_FOR_CAPTURED_VALUE name:$password type:kotlin.String visibility:public/*package*/ [final] declared in com.example.farmforward.appActivity.userActivity.login.LoginController.handleLogin.<no name provided>' type=kotlin.String origin=null
                        receiver: GET_VAR '<this>: com.example.farmforward.appActivity.userActivity.login.LoginController.handleLogin.<no name provided> declared in com.example.farmforward.appActivity.userActivity.login.LoginController.handleLogin.<no name provided>.invokeSuspend' type=com.example.farmforward.appActivity.userActivity.login.LoginController.handleLogin.<no name provided> origin=null
                      p3: GET_VAR 'val localUser: kotlin.jvm.internal.Ref.ObjectRef<com.example.farmforward.database.roomDatabase.User?> [val] declared in com.example.farmforward.appActivity.userActivity.login.LoginController.handleLogin.<no name provided>.invokeSuspend' type=kotlin.jvm.internal.Ref.ObjectRef<com.example.farmforward.database.roomDatabase.User?> origin=null
                      p4: GET_FIELD 'FIELD FIELD_FOR_CAPTURED_VALUE name:$isOfflineMode type:kotlin.Boolean visibility:public/*package*/ [final] declared in com.example.farmforward.appActivity.userActivity.login.LoginController.handleLogin.<no name provided>' type=kotlin.Boolean origin=null
                        receiver: GET_VAR '<this>: com.example.farmforward.appActivity.userActivity.login.LoginController.handleLogin.<no name provided> declared in com.example.farmforward.appActivity.userActivity.login.LoginController.handleLogin.<no name provided>.invokeSuspend' type=com.example.farmforward.appActivity.userActivity.login.LoginController.handleLogin.<no name provided> origin=null
                    bootstrapMethodHandle: CALL 'public final fun <jvm-method-handle> (tag: kotlin.Int, owner: kotlin.String, name: kotlin.String, descriptor: kotlin.String, isInterface: kotlin.Boolean): kotlin.Any declared in kotlin.jvm.internal' type=kotlin.Any origin=null
                      tag: CONST Int type=kotlin.Int value=6
                      owner: CONST String type=kotlin.String value="java/lang/invoke/LambdaMetafactory"
                      name: CONST String type=kotlin.String value="metafactory"
                      descriptor: CONST String type=kotlin.String value="(Ljava/lang/invoke/MethodHandles$Lookup;Ljava/lang/String;Ljava/lang/invoke/MethodType;Ljava/lang/invoke/MethodType;Ljava/lang/invoke/MethodHandle;Ljava/lang/invoke/MethodType;)Ljava/lang/invoke/CallSite;"
                      isInterface: CONST Boolean type=kotlin.Boolean value=false
                    bootstrapMethodArguments: VARARG type=kotlin.Array<kotlin.Any> varargElementType=kotlin.Any
                      CALL 'public final fun <jvm-original-method-type> (method: kotlin.Any): kotlin.Any declared in kotlin.jvm.internal' type=kotlin.Any origin=null
                        method: RAW_FUNCTION_REFERENCE 'public abstract fun invoke (p1: P1 of kotlin.Function1): R of kotlin.Function1 [operator] declared in kotlin.Function1' type=kotlin.Any
                      RAW_FUNCTION_REFERENCE 'private final fun invokeSuspend$lambda$0 (this$0: com.example.farmforward.appActivity.userActivity.login.LoginController, $emailToUse: kotlin.jvm.internal.Ref.ObjectRef<kotlin.String?>, $password: kotlin.String, $localUser: kotlin.jvm.internal.Ref.ObjectRef<com.example.farmforward.database.roomDatabase.User?>, $isOfflineMode: kotlin.Boolean, authResult: @[FlexibleNullability] com.google.firebase.auth.AuthResult?): kotlin.Unit? declared in com.example.farmforward.appActivity.userActivity.login.LoginController.handleLogin.<no name provided>' type=kotlin.Any
                      CALL 'public final fun <jvm-original-method-type> (method: kotlin.Any): kotlin.Any declared in kotlin.jvm.internal' type=kotlin.Any origin=null
                        method: RAW_FUNCTION_REFERENCE 'public abstract fun invoke (p1: @[FlexibleNullability] com.google.firebase.auth.AuthResult?): kotlin.Unit? [fake_override,operator] declared in kotlin.jvm.internal.invokeDynamic.<fake>' type=kotlin.Any
            COMPOSITE type=kotlin.Unit origin=null
            CALL 'public final fun <jvm-indy> <T> (dynamicCall: T of kotlin.jvm.internal.<jvm-indy>, bootstrapMethodHandle: kotlin.Any, vararg bootstrapMethodArguments: kotlin.Any): T of kotlin.jvm.internal.<jvm-indy> declared in kotlin.jvm.internal' type=com.google.android.gms.tasks.OnSuccessListener<kotlin.Any?> origin=null
              <T>: com.google.android.gms.tasks.OnSuccessListener<kotlin.Any?>
              dynamicCall: CALL 'public final fun onSuccess (p0: kotlin.Function1<kotlin.Any?, kotlin.Unit>): com.google.android.gms.tasks.OnSuccessListener<kotlin.Any?> declared in kotlin.jvm.internal.invokeDynamic' type=com.google.android.gms.tasks.OnSuccessListener<kotlin.Any?> origin=null
                p0: GET_VAR 'val tmp0: kotlin.Function1<kotlin.Any?, kotlin.Unit> [val] declared in com.example.farmforward.appActivity.userActivity.login.LoginController.handleLogin.<no name provided>.invokeSuspend' type=kotlin.Function1<kotlin.Any?, kotlin.Unit> origin=null
              bootstrapMethodHandle: CALL 'public final fun <jvm-method-handle> (tag: kotlin.Int, owner: kotlin.String, name: kotlin.String, descriptor: kotlin.String, isInterface: kotlin.Boolean): kotlin.Any declared in kotlin.jvm.internal' type=kotlin.Any origin=null
                tag: CONST Int type=kotlin.Int value=6
                owner: CONST String type=kotlin.String value="java/lang/invoke/LambdaMetafactory"
                name: CONST String type=kotlin.String value="metafactory"
                descriptor: CONST String type=kotlin.String value="(Ljava/lang/invoke/MethodHandles$Lookup;Ljava/lang/String;Ljava/lang/invoke/MethodType;Ljava/lang/invoke/MethodType;Ljava/lang/invoke/MethodHandle;Ljava/lang/invoke/MethodType;)Ljava/lang/invoke/CallSite;"
                isInterface: CONST Boolean type=kotlin.Boolean value=false
              bootstrapMethodArguments: VARARG type=kotlin.Array<kotlin.Any> varargElementType=kotlin.Any
                CALL 'public final fun <jvm-original-method-type> (method: kotlin.Any): kotlin.Any declared in kotlin.jvm.internal' type=kotlin.Any origin=null
                  method: RAW_FUNCTION_REFERENCE 'public abstract fun onSuccess (p0: @[FlexibleNullability] TResult of com.google.android.gms.tasks.OnSuccessListener?): kotlin.Unit declared in com.google.android.gms.tasks.OnSuccessListener' type=kotlin.Any
                RAW_FUNCTION_REFERENCE 'private final fun invokeSuspend$lambda$1 ($tmp0: kotlin.Function1<kotlin.Any?, kotlin.Unit>, p0: @[FlexibleNullability] kotlin.Any?): kotlin.Unit declared in com.example.farmforward.appActivity.userActivity.login.LoginController.handleLogin.<no name provided>' type=kotlin.Any
                CALL 'public final fun <jvm-original-method-type> (method: kotlin.Any): kotlin.Any declared in kotlin.jvm.internal' type=kotlin.Any origin=null
                  method: RAW_FUNCTION_REFERENCE 'public abstract fun onSuccess (p0: @[FlexibleNullability] kotlin.Any?): kotlin.Unit [fake_override] declared in kotlin.jvm.internal.invokeDynamic.<fake>' type=kotlin.Any
        p0: BLOCK type=com.google.android.gms.tasks.OnFailureListener origin=LAMBDA
          COMPOSITE type=kotlin.Unit origin=null
          CALL 'public final fun <jvm-indy> <T> (dynamicCall: T of kotlin.jvm.internal.<jvm-indy>, bootstrapMethodHandle: kotlin.Any, vararg bootstrapMethodArguments: kotlin.Any): T of kotlin.jvm.internal.<jvm-indy> declared in kotlin.jvm.internal' type=com.google.android.gms.tasks.OnFailureListener origin=null
            <T>: com.google.android.gms.tasks.OnFailureListener
            dynamicCall: CALL 'public final fun onFailure (p0: com.example.farmforward.appActivity.userActivity.login.LoginController): com.google.android.gms.tasks.OnFailureListener declared in kotlin.jvm.internal.invokeDynamic' type=com.google.android.gms.tasks.OnFailureListener origin=null
              p0: GET_FIELD 'FIELD FIELD_FOR_CAPTURED_VALUE name:this$0 type:com.example.farmforward.appActivity.userActivity.login.LoginController visibility:public/*package*/ [final] declared in com.example.farmforward.appActivity.userActivity.login.LoginController.handleLogin.<no name provided>' type=com.example.farmforward.appActivity.userActivity.login.LoginController origin=null
                receiver: GET_VAR '<this>: com.example.farmforward.appActivity.userActivity.login.LoginController.handleLogin.<no name provided> declared in com.example.farmforward.appActivity.userActivity.login.LoginController.handleLogin.<no name provided>.invokeSuspend' type=com.example.farmforward.appActivity.userActivity.login.LoginController.handleLogin.<no name provided> origin=null
            bootstrapMethodHandle: CALL 'public final fun <jvm-method-handle> (tag: kotlin.Int, owner: kotlin.String, name: kotlin.String, descriptor: kotlin.String, isInterface: kotlin.Boolean): kotlin.Any declared in kotlin.jvm.internal' type=kotlin.Any origin=null
              tag: CONST Int type=kotlin.Int value=6
              owner: CONST String type=kotlin.String value="java/lang/invoke/LambdaMetafactory"
              name: CONST String type=kotlin.String value="metafactory"
              descriptor: CONST String type=kotlin.String value="(Ljava/lang/invoke/MethodHandles$Lookup;Ljava/lang/String;Ljava/lang/invoke/MethodType;Ljava/lang/invoke/MethodType;Ljava/lang/invoke/MethodHandle;Ljava/lang/invoke/MethodType;)Ljava/lang/invoke/CallSite;"
              isInterface: CONST Boolean type=kotlin.Boolean value=false
            bootstrapMethodArguments: VARARG type=kotlin.Array<kotlin.Any> varargElementType=kotlin.Any
              CALL 'public final fun <jvm-original-method-type> (method: kotlin.Any): kotlin.Any declared in kotlin.jvm.internal' type=kotlin.Any origin=null
                method: RAW_FUNCTION_REFERENCE 'public abstract fun onFailure (p0: @[EnhancedNullability] java.lang.Exception): kotlin.Unit declared in com.google.android.gms.tasks.OnFailureListener' type=kotlin.Any
              RAW_FUNCTION_REFERENCE 'private final fun invokeSuspend$lambda$2 (this$0: com.example.farmforward.appActivity.userActivity.login.LoginController, e: @[EnhancedNullability] java.lang.Exception): kotlin.Unit declared in com.example.farmforward.appActivity.userActivity.login.LoginController.handleLogin.<no name provided>' type=kotlin.Any
              CALL 'public final fun <jvm-original-method-type> (method: kotlin.Any): kotlin.Any declared in kotlin.jvm.internal' type=kotlin.Any origin=null
                method: RAW_FUNCTION_REFERENCE 'public abstract fun onFailure (p0: @[EnhancedNullability] java.lang.Exception): kotlin.Unit [fake_override] declared in kotlin.jvm.internal.invokeDynamic.<fake>' type=kotlin.Any
      COMPOSITE type=kotlin.Unit origin=null

	at org.jetbrains.kotlin.backend.jvm.codegen.FunctionCodegen.generate(FunctionCodegen.kt:47)
	at org.jetbrains.kotlin.backend.jvm.codegen.FunctionCodegen.generate$default(FunctionCodegen.kt:40)
	at org.jetbrains.kotlin.backend.jvm.codegen.ClassCodegen.generateMethodNode(ClassCodegen.kt:406)
	at org.jetbrains.kotlin.backend.jvm.codegen.ClassCodegen.generateMethod(ClassCodegen.kt:423)
	at org.jetbrains.kotlin.backend.jvm.codegen.ClassCodegen.generate(ClassCodegen.kt:168)
	at org.jetbrains.kotlin.backend.jvm.codegen.ExpressionCodegen.visitClass(ExpressionCodegen.kt:1000)
	at org.jetbrains.kotlin.backend.jvm.codegen.ExpressionCodegen.visitClass(ExpressionCodegen.kt:138)
	at org.jetbrains.kotlin.ir.declarations.IrClass.accept(IrClass.kt:72)
	at org.jetbrains.kotlin.backend.jvm.codegen.ExpressionCodegen.visitStatementContainer(ExpressionCodegen.kt:579)
	at org.jetbrains.kotlin.backend.jvm.codegen.ExpressionCodegen.visitContainerExpression(ExpressionCodegen.kt:593)
	at org.jetbrains.kotlin.backend.jvm.codegen.ExpressionCodegen.visitContainerExpression(ExpressionCodegen.kt:138)
	at org.jetbrains.kotlin.ir.visitors.IrElementVisitor$DefaultImpls.visitBlock(IrElementVisitor.kt:122)
	at org.jetbrains.kotlin.backend.jvm.codegen.ExpressionCodegen.visitBlock(ExpressionCodegen.kt:413)
	at org.jetbrains.kotlin.backend.jvm.codegen.ExpressionCodegen.visitBlock(ExpressionCodegen.kt:138)
	at org.jetbrains.kotlin.ir.expressions.IrBlock.accept(IrBlock.kt:18)
	at org.jetbrains.kotlin.backend.jvm.codegen.ExpressionCodegen.gen(ExpressionCodegen.kt:217)
	at org.jetbrains.kotlin.backend.jvm.codegen.IrCallGenerator.genValueAndPut(IrCallGenerator.kt:48)
	at org.jetbrains.kotlin.backend.jvm.codegen.ExpressionCodegen.visitCall$handleParameter(ExpressionCodegen.kt:616)
	at org.jetbrains.kotlin.backend.jvm.codegen.ExpressionCodegen.visitCall(ExpressionCodegen.kt:644)
	at org.jetbrains.kotlin.backend.jvm.codegen.ExpressionCodegen.visitCall(ExpressionCodegen.kt:138)
	at org.jetbrains.kotlin.ir.expressions.IrCall.accept(IrCall.kt:24)
	at org.jetbrains.kotlin.backend.jvm.codegen.ExpressionCodegen.visitStatementContainer(ExpressionCodegen.kt:579)
	at org.jetbrains.kotlin.backend.jvm.codegen.ExpressionCodegen.visitContainerExpression(ExpressionCodegen.kt:593)
	at org.jetbrains.kotlin.backend.jvm.codegen.ExpressionCodegen.visitContainerExpression(ExpressionCodegen.kt:138)
	at org.jetbrains.kotlin.ir.visitors.IrElementVisitor$DefaultImpls.visitComposite(IrElementVisitor.kt:125)
	at org.jetbrains.kotlin.backend.jvm.codegen.ExpressionCodegen.visitComposite(ExpressionCodegen.kt:138)
	at org.jetbrains.kotlin.backend.jvm.codegen.ExpressionCodegen.visitComposite(ExpressionCodegen.kt:138)
	at org.jetbrains.kotlin.ir.expressions.IrComposite.accept(IrComposite.kt:18)
	at org.jetbrains.kotlin.backend.jvm.codegen.ExpressionCodegen.visitStatementContainer(ExpressionCodegen.kt:579)
	at org.jetbrains.kotlin.backend.jvm.codegen.ExpressionCodegen.visitBlockBody(ExpressionCodegen.kt:584)
	at org.jetbrains.kotlin.backend.jvm.codegen.ExpressionCodegen.visitBlockBody(ExpressionCodegen.kt:138)
	at org.jetbrains.kotlin.ir.expressions.IrBlockBody.accept(IrBlockBody.kt:20)
	at org.jetbrains.kotlin.backend.jvm.codegen.ExpressionCodegen.generate(ExpressionCodegen.kt:240)
	at org.jetbrains.kotlin.backend.jvm.codegen.FunctionCodegen.doGenerate(FunctionCodegen.kt:123)
	at org.jetbrains.kotlin.backend.jvm.codegen.FunctionCodegen.generate(FunctionCodegen.kt:44)
	... 53 more
Caused by: java.lang.IllegalStateException: Fake override should have at least one overridden descriptor: FUN FAKE_OVERRIDE name:<get-username> visibility:public modality:FINAL <> ($this:kotlin.Nothing) returnType:kotlin.String [fake_override]
	at org.jetbrains.kotlin.backend.jvm.ir.JvmIrUtilsKt.findSuperDeclaration(JvmIrUtils.kt:408)
	at org.jetbrains.kotlin.backend.jvm.mapping.MethodSignatureMapper.findSuperDeclaration(MethodSignatureMapper.kt:443)
	at org.jetbrains.kotlin.backend.jvm.mapping.MethodSignatureMapper.mapToCallableMethod(MethodSignatureMapper.kt:412)
	at org.jetbrains.kotlin.backend.jvm.codegen.ExpressionCodegen.visitCall(ExpressionCodegen.kt:605)
	at org.jetbrains.kotlin.backend.jvm.codegen.ExpressionCodegen.visitCall(ExpressionCodegen.kt:138)
	at org.jetbrains.kotlin.ir.expressions.IrCall.accept(IrCall.kt:24)
	at org.jetbrains.kotlin.backend.jvm.intrinsics.Equals.invoke(Equals.kt:133)
	at org.jetbrains.kotlin.backend.jvm.codegen.ExpressionCodegen.visitCall(ExpressionCodegen.kt:600)
	at org.jetbrains.kotlin.backend.jvm.codegen.ExpressionCodegen.visitCall(ExpressionCodegen.kt:138)
	at org.jetbrains.kotlin.ir.expressions.IrCall.accept(IrCall.kt:24)
	at org.jetbrains.kotlin.backend.jvm.intrinsics.Not.invoke(Not.kt:46)
	at org.jetbrains.kotlin.backend.jvm.intrinsics.Not.invoke(Not.kt:27)
	at org.jetbrains.kotlin.backend.jvm.codegen.ExpressionCodegen.visitCall(ExpressionCodegen.kt:600)
	at org.jetbrains.kotlin.backend.jvm.codegen.ExpressionCodegen.visitCall(ExpressionCodegen.kt:138)
	at org.jetbrains.kotlin.ir.expressions.IrCall.accept(IrCall.kt:24)
	at org.jetbrains.kotlin.backend.jvm.codegen.ExpressionCodegen.visitWhen(ExpressionCodegen.kt:1098)
	at org.jetbrains.kotlin.backend.jvm.codegen.ExpressionCodegen.visitWhen(ExpressionCodegen.kt:138)
	at org.jetbrains.kotlin.ir.expressions.IrWhen.accept(IrWhen.kt:24)
	at org.jetbrains.kotlin.backend.jvm.codegen.ExpressionCodegen.visitStatementContainer(ExpressionCodegen.kt:579)
	at org.jetbrains.kotlin.backend.jvm.codegen.ExpressionCodegen.visitContainerExpression(ExpressionCodegen.kt:593)
	at org.jetbrains.kotlin.backend.jvm.codegen.ExpressionCodegen.visitContainerExpression(ExpressionCodegen.kt:138)
	at org.jetbrains.kotlin.ir.visitors.IrElementVisitor$DefaultImpls.visitBlock(IrElementVisitor.kt:122)
	at org.jetbrains.kotlin.backend.jvm.codegen.ExpressionCodegen.visitBlock(ExpressionCodegen.kt:413)
	at org.jetbrains.kotlin.backend.jvm.codegen.ExpressionCodegen.visitBlock(ExpressionCodegen.kt:138)
	at org.jetbrains.kotlin.ir.expressions.IrBlock.accept(IrBlock.kt:18)
	at org.jetbrains.kotlin.backend.jvm.codegen.ExpressionCodegen.visitWhen(ExpressionCodegen.kt:1101)
	at org.jetbrains.kotlin.backend.jvm.codegen.ExpressionCodegen.visitWhen(ExpressionCodegen.kt:138)
	at org.jetbrains.kotlin.ir.expressions.IrWhen.accept(IrWhen.kt:24)
	at org.jetbrains.kotlin.backend.jvm.codegen.ExpressionCodegen.visitStatementContainer(ExpressionCodegen.kt:579)
	at org.jetbrains.kotlin.backend.jvm.codegen.ExpressionCodegen.visitContainerExpression(ExpressionCodegen.kt:593)
	at org.jetbrains.kotlin.backend.jvm.codegen.ExpressionCodegen.visitContainerExpression(ExpressionCodegen.kt:138)
	at org.jetbrains.kotlin.ir.visitors.IrElementVisitor$DefaultImpls.visitBlock(IrElementVisitor.kt:122)
	at org.jetbrains.kotlin.backend.jvm.codegen.ExpressionCodegen.visitBlock(ExpressionCodegen.kt:413)
	at org.jetbrains.kotlin.backend.jvm.codegen.ExpressionCodegen.visitBlock(ExpressionCodegen.kt:138)
	at org.jetbrains.kotlin.ir.expressions.IrBlock.accept(IrBlock.kt:18)
	at org.jetbrains.kotlin.backend.jvm.codegen.ExpressionCodegen.visitWhen(ExpressionCodegen.kt:1101)
	at org.jetbrains.kotlin.backend.jvm.codegen.ExpressionCodegen.visitWhen(ExpressionCodegen.kt:138)
	at org.jetbrains.kotlin.ir.expressions.IrWhen.accept(IrWhen.kt:24)
	at org.jetbrains.kotlin.backend.jvm.codegen.ExpressionCodegen.visitStatementContainer(ExpressionCodegen.kt:579)
	at org.jetbrains.kotlin.backend.jvm.codegen.ExpressionCodegen.visitContainerExpression(ExpressionCodegen.kt:593)
	at org.jetbrains.kotlin.backend.jvm.codegen.ExpressionCodegen.visitContainerExpression(ExpressionCodegen.kt:138)
	at org.jetbrains.kotlin.ir.visitors.IrElementVisitor$DefaultImpls.visitBlock(IrElementVisitor.kt:122)
	at org.jetbrains.kotlin.backend.jvm.codegen.ExpressionCodegen.visitBlock(ExpressionCodegen.kt:413)
	at org.jetbrains.kotlin.backend.jvm.codegen.ExpressionCodegen.visitBlock(ExpressionCodegen.kt:138)
	at org.jetbrains.kotlin.ir.expressions.IrBlock.accept(IrBlock.kt:18)
	at org.jetbrains.kotlin.backend.jvm.codegen.ExpressionCodegen.visitTryWithInfo(ExpressionCodegen.kt:1339)
	at org.jetbrains.kotlin.backend.jvm.codegen.ExpressionCodegen.visitTry(ExpressionCodegen.kt:1330)
	at org.jetbrains.kotlin.backend.jvm.codegen.ExpressionCodegen.visitTry(ExpressionCodegen.kt:138)
	at org.jetbrains.kotlin.ir.expressions.IrTry.accept(IrTry.kt:26)
	at org.jetbrains.kotlin.backend.jvm.codegen.ExpressionCodegen.visitStatementContainer(ExpressionCodegen.kt:579)
	at org.jetbrains.kotlin.backend.jvm.codegen.ExpressionCodegen.visitContainerExpression(ExpressionCodegen.kt:593)
	at org.jetbrains.kotlin.backend.jvm.codegen.ExpressionCodegen.visitContainerExpression(ExpressionCodegen.kt:138)
	at org.jetbrains.kotlin.ir.visitors.IrElementVisitor$DefaultImpls.visitBlock(IrElementVisitor.kt:122)
	at org.jetbrains.kotlin.backend.jvm.codegen.ExpressionCodegen.visitBlock(ExpressionCodegen.kt:413)
	at org.jetbrains.kotlin.backend.jvm.codegen.ExpressionCodegen.visitBlock(ExpressionCodegen.kt:138)
	at org.jetbrains.kotlin.ir.expressions.IrBlock.accept(IrBlock.kt:18)
	at org.jetbrains.kotlin.backend.jvm.codegen.ExpressionCodegen.visitWhen(ExpressionCodegen.kt:1101)
	at org.jetbrains.kotlin.backend.jvm.codegen.ExpressionCodegen.visitWhen(ExpressionCodegen.kt:138)
	at org.jetbrains.kotlin.ir.expressions.IrWhen.accept(IrWhen.kt:24)
	at org.jetbrains.kotlin.backend.jvm.codegen.ExpressionCodegen.visitStatementContainer(ExpressionCodegen.kt:579)
	at org.jetbrains.kotlin.backend.jvm.codegen.ExpressionCodegen.visitBlockBody(ExpressionCodegen.kt:584)
	at org.jetbrains.kotlin.backend.jvm.codegen.ExpressionCodegen.visitBlockBody(ExpressionCodegen.kt:138)
	at org.jetbrains.kotlin.ir.expressions.IrBlockBody.accept(IrBlockBody.kt:20)
	at org.jetbrains.kotlin.backend.jvm.codegen.ExpressionCodegen.generate(ExpressionCodegen.kt:240)
	at org.jetbrains.kotlin.backend.jvm.codegen.FunctionCodegen.doGenerate(FunctionCodegen.kt:123)
	at org.jetbrains.kotlin.backend.jvm.codegen.FunctionCodegen.generate(FunctionCodegen.kt:44)
	... 87 more


